timestamp,location-long,location-lat,sensor-type,tag-local-identifier,individual-local-identifier
00:00.0,861374.1004,5384761.345,radio-transmitter,149.394,149.394
00:00.0,861544.3956,5384495.811,radio-transmitter,149.394,149.394
00:00.0,861267.4657,5384171.095,radio-transmitter,149.394,149.394
00:00.0,861442.0268,5383866.085,radio-transmitter,149.394,149.394
00:00.0,861278.1692,5384082.73,radio-transmitter,149.394,149.394
00:00.0,861418.7209,5384175.46,radio-transmitter,149.394,149.394
00:00.0,861366.2366,5384366.343,radio-transmitter,149.394,149.394
00:00.0,861290.7198,5384140.519,radio-transmitter,149.394,149.394
00:00.0,861562.1003,5384060.468,radio-transmitter,149.394,149.394
00:00.0,861552.3385,5383978.681,radio-transmitter,149.394,149.394
00:00.0,861145.4665,5383614.66,radio-transmitter,149.394,149.394
00:00.0,861650.1049,5384113.159,radio-transmitter,149.394,149.394
00:00.0,861336.211,5383933.809,radio-transmitter,149.394,149.394
00:00.0,861504.5135,5383800.175,radio-transmitter,149.394,149.394
00:00.0,861386.1746,5383900.438,radio-transmitter,149.394,149.394
00:00.0,861345.0023,5383920.877,radio-transmitter,149.394,149.394
00:00.0,861562.0283,5384026.831,radio-transmitter,149.394,149.394
00:00.0,861276.9442,5383834.875,radio-transmitter,149.394,149.394
00:00.0,861245.7655,5383805.083,radio-transmitter,149.394,149.394
00:00.0,861187.253,5384023.062,radio-transmitter,149.394,149.394
00:00.0,861138.8879,5384013.348,radio-transmitter,149.394,149.394
00:00.0,861400.7875,5383968.532,radio-transmitter,149.394,149.394
00:00.0,861257.9647,5383966.413,radio-transmitter,149.394,149.394
00:00.0,861511.1248,5384134.418,radio-transmitter,149.452,149.452
00:00.0,861602.913,5384306.479,radio-transmitter,149.452,149.452
00:00.0,861546.0814,5384315.54,radio-transmitter,149.452,149.452
00:00.0,861694.5731,5384404.542,radio-transmitter,149.452,149.452
00:00.0,861600.9193,5384291.264,radio-transmitter,149.452,149.452
00:00.0,861585.1548,5384365.529,radio-transmitter,149.452,149.452
00:00.0,861455.9293,5384301.123,radio-transmitter,149.452,149.452
00:00.0,861584.363,5384294.116,radio-transmitter,149.452,149.452
00:00.0,861491.518,5384384.264,radio-transmitter,149.452,149.452
00:00.0,861709.5824,5384367.196,radio-transmitter,149.452,149.452
00:00.0,861514.794,5384183.344,radio-transmitter,149.452,149.452
00:00.0,861538.4994,5384421.405,radio-transmitter,149.452,149.452
00:00.0,861479.4987,5384120.732,radio-transmitter,149.452,149.452
00:00.0,861644.9762,5384429.736,radio-transmitter,149.452,149.452
00:00.0,861579.6029,5384396.72,radio-transmitter,149.452,149.452
00:00.0,861594.8201,5384342.04,radio-transmitter,149.452,149.452
00:00.0,861499.7394,5384298.736,radio-transmitter,149.452,149.452
00:00.0,861601.2504,5384372.86,radio-transmitter,149.452,149.452
00:00.0,861638.5906,5384471.957,radio-transmitter,149.452,149.452
00:00.0,861597.5014,5384384.216,radio-transmitter,149.452,149.452
00:00.0,861497.9512,5384356.416,radio-transmitter,149.452,149.452
00:00.0,861614.5385,5384374.818,radio-transmitter,149.452,149.452
00:00.0,861587.6105,5384360.435,radio-transmitter,149.452,149.452
00:00.0,861519.162,5384275.524,radio-transmitter,149.452,149.452
00:00.0,861578.9401,5384372.198,radio-transmitter,149.452,149.452
00:00.0,861613.9886,5384403.366,radio-transmitter,149.452,149.452
00:00.0,861499.8096,5384241.953,radio-transmitter,149.452,149.452
00:00.0,861772.7026,5384349.707,radio-transmitter,149.535,149.535
00:00.0,861604.6231,5384385.886,radio-transmitter,149.535,149.535
00:00.0,861794.6102,5384650.585,radio-transmitter,149.535,149.535
00:00.0,861312.5829,5384530.507,radio-transmitter,149.535,149.535
00:00.0,861840.8844,5384400.443,radio-transmitter,149.535,149.535
00:00.0,861679.37,5384303.628,radio-transmitter,149.535,149.535
00:00.0,861686.3785,5384370.515,radio-transmitter,149.535,149.535
00:00.0,861624.5897,5384413.533,radio-transmitter,149.535,149.535
00:00.0,861797.7148,5384306.866,radio-transmitter,149.535,149.535
00:00.0,861760.9292,5384316.317,radio-transmitter,149.535,149.535
00:00.0,861763.896,5384365.527,radio-transmitter,149.535,149.535
00:00.0,861700.7615,5384409.6,radio-transmitter,149.535,149.535
00:00.0,861702.892,5384313.542,radio-transmitter,149.535,149.535
00:00.0,861877.5684,5384333.342,radio-transmitter,149.535,149.535
00:00.0,861824.7212,5384335.223,radio-transmitter,149.535,149.535
00:00.0,861831.1715,5384351.994,radio-transmitter,149.535,149.535
00:00.0,861665.6327,5384359.136,radio-transmitter,149.535,149.535
00:00.0,861605.9287,5384408.638,radio-transmitter,149.535,149.535
00:00.0,861892.1065,5384312.038,radio-transmitter,149.535,149.535
00:00.0,861882.3766,5384290.247,radio-transmitter,149.535,149.535
00:00.0,861841.8946,5384314.982,radio-transmitter,149.535,149.535
00:00.0,861828.4726,5384360.973,radio-transmitter,149.535,149.535
00:00.0,861695.7849,5384346.808,radio-transmitter,149.535,149.535
00:00.0,861794.8322,5384272.781,radio-transmitter,149.535,149.535
00:00.0,861728.7929,5384402.544,radio-transmitter,149.535,149.535
00:00.0,861748.806,5384379.063,radio-transmitter,149.535,149.535
00:00.0,861722.3088,5384362.561,radio-transmitter,149.535,149.535
00:00.0,861617.1448,5384468.421,radio-transmitter,149.535,149.535
00:00.0,861770.8898,5384349.074,radio-transmitter,149.535,149.535
00:00.0,861750.6396,5384372.282,radio-transmitter,149.535,149.535
00:00.0,861654.4448,5384414.582,radio-transmitter,149.535,149.535
00:00.0,861604.6039,5384144.477,radio-transmitter,149.673,149.673
00:00.0,861259.4673,5384160.937,radio-transmitter,149.673,149.673
00:00.0,861413.444,5384422.762,radio-transmitter,149.673,149.673
00:00.0,861413.5368,5384239.721,radio-transmitter,149.673,149.673
00:00.0,861361.2278,5384376.561,radio-transmitter,149.673,149.673
00:00.0,861551.6906,5384256.717,radio-transmitter,149.673,149.673
00:00.0,861478.677,5384278.655,radio-transmitter,149.673,149.673
00:00.0,861657.5757,5384215.687,radio-transmitter,149.673,149.673
00:00.0,861538.0719,5384213.344,radio-transmitter,149.673,149.673
00:00.0,861474.8476,5384204.621,radio-transmitter,149.673,149.673
00:00.0,861532.0422,5384217.97,radio-transmitter,149.673,149.673
00:00.0,861275.4408,5384023.264,radio-transmitter,149.673,149.673
00:00.0,861526.558,5384291.685,radio-transmitter,149.673,149.673
00:00.0,861489.0185,5384244.494,radio-transmitter,149.673,149.673
00:00.0,861320.3863,5384369.207,radio-transmitter,149.673,149.673
00:00.0,861026.7592,5384325.44,radio-transmitter,149.673,149.673
00:00.0,861241.9562,5384195.62,radio-transmitter,149.673,149.673
00:00.0,861447.8384,5384271.517,radio-transmitter,149.673,149.673
00:00.0,861322.5446,5384052.178,radio-transmitter,149.673,149.673
00:00.0,861325.9509,5384285.887,radio-transmitter,149.673,149.673
00:00.0,861481.0762,5384213.134,radio-transmitter,149.673,149.673
00:00.0,861432.1681,5384200.452,radio-transmitter,149.673,149.673
00:00.0,861325.8569,5384250.347,radio-transmitter,149.673,149.673
00:00.0,861293.8313,5384174.756,radio-transmitter,149.673,149.673
00:00.0,861313.584,5384278.726,radio-transmitter,149.673,149.673
00:00.0,861204.2513,5384276.972,radio-transmitter,149.673,149.673
00:00.0,861340.5731,5384156.995,radio-transmitter,149.673,149.673
00:00.0,861542.513,5384281.888,radio-transmitter,149.673,149.673
00:00.0,861398.2426,5384457.506,radio-transmitter,149.673,149.673
00:00.0,861410.1241,5384560.637,radio-transmitter,149.093,149.093
00:00.0,861365.5265,5384663.791,radio-transmitter,149.093,149.093
00:00.0,861377.2919,5384673.006,radio-transmitter,149.093,149.093
00:00.0,861466.636,5384735.755,radio-transmitter,149.093,149.093
00:00.0,861494.5683,5384737.773,radio-transmitter,149.093,149.093
00:00.0,861458.5928,5384377.603,radio-transmitter,149.093,149.093
00:00.0,861377.6979,5384740.988,radio-transmitter,149.093,149.093
00:00.0,861412.0259,5385049.545,radio-transmitter,149.093,149.093
00:00.0,861274.2957,5385194.295,radio-transmitter,149.093,149.093
00:00.0,861413.4868,5384884.383,radio-transmitter,149.093,149.093
00:00.0,861350.1813,5384792.871,radio-transmitter,149.093,149.093
00:00.0,861320.9476,5384712,radio-transmitter,149.093,149.093
00:00.0,861593.4386,5384564.811,radio-transmitter,149.093,149.093
00:00.0,861389.7933,5384702.686,radio-transmitter,149.093,149.093
00:00.0,861296.7762,5384973.846,radio-transmitter,149.093,149.093
00:00.0,861599.9595,5384486.122,radio-transmitter,149.093,149.093
00:00.0,861436.505,5384651.073,radio-transmitter,149.093,149.093
00:00.0,861627.5311,5384578.081,radio-transmitter,149.093,149.093
00:00.0,861854.7572,5384745.539,radio-transmitter,149.093,149.093
00:00.0,862289.9911,5384747.902,radio-transmitter,149.173,149.173
00:00.0,862660.2354,5384735.234,radio-transmitter,149.173,149.173
00:00.0,862099.1562,5384634.349,radio-transmitter,149.173,149.173
00:00.0,862313.952,5384664.978,radio-transmitter,149.173,149.173
00:00.0,861554.4699,5384495.765,radio-transmitter,149.173,149.173
00:00.0,861668.0351,5384484.721,radio-transmitter,149.173,149.173
00:00.0,862318.7527,5384671.515,radio-transmitter,149.173,149.173
00:00.0,862190.4371,5384441.165,radio-transmitter,149.173,149.173
00:00.0,862134.6285,5384586.454,radio-transmitter,149.173,149.173
00:00.0,862508.2232,5384656.45,radio-transmitter,149.173,149.173
00:00.0,862321.756,5384523.574,radio-transmitter,149.173,149.173
00:00.0,862161.748,5384864.788,radio-transmitter,149.173,149.173
00:00.0,862162.9673,5384749.088,radio-transmitter,149.173,149.173
00:00.0,862203.7885,5384749.178,radio-transmitter,149.173,149.173
00:00.0,862328.2071,5384376.44,radio-transmitter,149.173,149.173
00:00.0,862131.726,5384549.388,radio-transmitter,149.173,149.173
00:00.0,862318.2834,5384308.586,radio-transmitter,149.173,149.173
00:00.0,862134.4286,5384608.243,radio-transmitter,149.173,149.173
00:00.0,862039.8522,5384236.295,radio-transmitter,149.173,149.173
00:00.0,862152.6489,5384403.669,radio-transmitter,149.173,149.173
00:00.0,862120.0043,5384616.621,radio-transmitter,149.173,149.173
00:00.0,862234.5325,5384629.319,radio-transmitter,149.173,149.173
00:00.0,862233.4012,5384636.493,radio-transmitter,149.173,149.173
00:00.0,862175.6964,5384431.962,radio-transmitter,149.173,149.173
00:00.0,862325.8641,5384583.798,radio-transmitter,149.173,149.173
00:00.0,862336.5532,5384545.226,radio-transmitter,149.173,149.173
00:00.0,861350.6119,5384367.497,radio-transmitter,149.213,149.213
00:00.0,861285.3875,5384337.545,radio-transmitter,149.213,149.213
00:00.0,861222.2682,5384298.61,radio-transmitter,149.213,149.213
00:00.0,860942.2166,5383918.977,radio-transmitter,149.213,149.213
00:00.0,860979.0644,5384132.909,radio-transmitter,149.213,149.213
00:00.0,861014.2522,5384274.713,radio-transmitter,149.213,149.213
00:00.0,861275.0129,5384217.617,radio-transmitter,149.213,149.213
00:00.0,860891.4369,5384039.347,radio-transmitter,149.213,149.213
00:00.0,861149.7044,5384313.41,radio-transmitter,149.213,149.213
00:00.0,861111.7715,5384194.675,radio-transmitter,149.213,149.213
00:00.0,861518.0751,5384345.563,radio-transmitter,149.213,149.213
00:00.0,861301.7646,5384325.982,radio-transmitter,149.213,149.213
00:00.0,861179.1313,5384277.259,radio-transmitter,149.213,149.213
00:00.0,861245.4817,5384209.366,radio-transmitter,149.213,149.213
00:00.0,861236.4009,5384355.507,radio-transmitter,149.213,149.213
00:00.0,861513.9144,5384330.793,radio-transmitter,149.213,149.213
00:00.0,861133.6157,5384310.403,radio-transmitter,149.213,149.213
00:00.0,861389.1229,5384270.828,radio-transmitter,149.213,149.213
00:00.0,861245.3889,5384330.291,radio-transmitter,149.213,149.213
00:00.0,861367.3315,5384283.921,radio-transmitter,149.213,149.213
00:00.0,861218.9396,5384330.11,radio-transmitter,149.213,149.213
00:00.0,861270.1077,5384385.739,radio-transmitter,149.213,149.213
00:00.0,861424.0149,5384355.838,radio-transmitter,149.213,149.213
00:00.0,861384.3872,5384375.157,radio-transmitter,149.213,149.213
00:00.0,861386.1653,5384346.634,radio-transmitter,149.213,149.213
00:00.0,861402.4433,5384315.641,radio-transmitter,149.213,149.213
00:00.0,861470.6922,5384422.765,radio-transmitter,149.213,149.213
00:00.0,861400.3856,5384377.039,radio-transmitter,149.213,149.213
00:00.0,861852.7915,5384663.831,radio-transmitter,149.613,149.613
00:00.0,861759.8051,5384613.035,radio-transmitter,149.613,149.613
00:00.0,861730.6421,5384552.158,radio-transmitter,149.613,149.613
00:00.0,862279.4235,5384820.401,radio-transmitter,149.613,149.613
00:00.0,861880.4281,5384542.874,radio-transmitter,149.613,149.613
00:00.0,861825.2651,5384699.522,radio-transmitter,149.613,149.613
00:00.0,861953.1037,5384624.816,radio-transmitter,149.613,149.613
00:00.0,861805.6265,5384614.475,radio-transmitter,149.613,149.613
00:00.0,861705.8666,5384313.985,radio-transmitter,149.613,149.613
00:00.0,861739.4371,5384576.566,radio-transmitter,149.613,149.613
00:00.0,861810.5821,5384515.912,radio-transmitter,149.613,149.613
00:00.0,861797.9824,5384540.953,radio-transmitter,149.613,149.613
00:00.0,861690.966,5384404.031,radio-transmitter,149.613,149.613
00:00.0,861703.2643,5384507.539,radio-transmitter,149.613,149.613
00:00.0,861868.598,5384550.268,radio-transmitter,149.613,149.613
00:00.0,861882.5718,5384460.515,radio-transmitter,149.613,149.613
00:00.0,861779.4916,5384593.776,radio-transmitter,149.613,149.613
00:00.0,861844.5371,5384589.631,radio-transmitter,149.613,149.613
00:00.0,862151.0452,5384618.364,radio-transmitter,149.613,149.613
00:00.0,861624.9057,5384349.221,radio-transmitter,149.613,149.613
00:00.0,861759.7867,5384564.179,radio-transmitter,149.613,149.613
00:00.0,861715.2814,5384490.982,radio-transmitter,149.613,149.613
00:00.0,861913.0702,5384629.703,radio-transmitter,149.613,149.613
00:00.0,861994.0679,5384543.651,radio-transmitter,149.613,149.613
00:00.0,861705.4404,5384571.257,radio-transmitter,149.613,149.613
00:00.0,861877.5827,5384422.92,radio-transmitter,149.613,149.613
00:00.0,861950.5371,5384549.745,radio-transmitter,149.613,149.613
00:00.0,861887.9649,5384652.977,radio-transmitter,149.613,149.613
00:00.0,861759.3045,5384429.205,radio-transmitter,149.633,149.633
00:00.0,861863.346,5384745.852,radio-transmitter,149.633,149.633
00:00.0,861924.4391,5384244.302,radio-transmitter,149.633,149.633
00:00.0,861819.2847,5384762.261,radio-transmitter,149.633,149.633
00:00.0,861772.2274,5384454.323,radio-transmitter,149.633,149.633
00:00.0,861960.6508,5384825.391,radio-transmitter,149.633,149.633
00:00.0,861465.5727,5384399.725,radio-transmitter,149.633,149.633
00:00.0,861793.4017,5384577.525,radio-transmitter,149.633,149.633
00:00.0,861601.4708,5384569.321,radio-transmitter,149.633,149.633
00:00.0,861767.167,5384901.533,radio-transmitter,149.633,149.633
00:00.0,861825.5248,5384445.887,radio-transmitter,149.633,149.633
00:00.0,861666.664,5384425.889,radio-transmitter,149.633,149.633
00:00.0,861822.9083,5384542.215,radio-transmitter,149.633,149.633
00:00.0,861696.7401,5384480.657,radio-transmitter,149.633,149.633
00:00.0,861784.7931,5384465.051,radio-transmitter,149.633,149.633
00:00.0,861693.9146,5384600.277,radio-transmitter,149.633,149.633
00:00.0,861756.487,5384508.395,radio-transmitter,149.633,149.633
00:00.0,861814.624,5384431.589,radio-transmitter,149.633,149.633
00:00.0,861882.1154,5384455.087,radio-transmitter,149.633,149.633
00:00.0,861793.2175,5384595.797,radio-transmitter,149.633,149.633
00:00.0,862025.0126,5384592.864,radio-transmitter,149.633,149.633
00:00.0,861716.4443,5384480.358,radio-transmitter,149.633,149.633
00:00.0,861799.51,5384482.269,radio-transmitter,149.633,149.633
00:00.0,861833.8238,5384340.822,radio-transmitter,149.633,149.633
00:00.0,861945.355,5384731.826,radio-transmitter,149.633,149.633
00:00.0,861821.5003,5384331.638,radio-transmitter,149.633,149.633
00:00.0,861909.3541,5384333.773,radio-transmitter,149.633,149.633
00:00.0,861816.2036,5384375.904,radio-transmitter,149.633,149.633
00:00.0,861831.4489,5384313.822,radio-transmitter,149.124,149.124
00:00.0,861738.2518,5384476.284,radio-transmitter,149.124,149.124
00:00.0,861734.6361,5384381.958,radio-transmitter,149.124,149.124
00:00.0,861783.0247,5384494.276,radio-transmitter,149.124,149.124
00:00.0,861848.4986,5384553.473,radio-transmitter,149.124,149.124
00:00.0,861860.0771,5384552.837,radio-transmitter,149.124,149.124
00:00.0,861751.4453,5384378.769,radio-transmitter,149.124,149.124
00:00.0,861769.696,5384449.235,radio-transmitter,149.124,149.124
00:00.0,861918.761,5384432.33,radio-transmitter,149.124,149.124
00:00.0,861739.9171,5384441.184,radio-transmitter,149.124,149.124
00:00.0,861671.4232,5384461.268,radio-transmitter,149.124,149.124
00:00.0,861690.5792,5384383.696,radio-transmitter,149.124,149.124
00:00.0,861867.6673,5384363.319,radio-transmitter,149.124,149.124
00:00.0,861782.5162,5384458.226,radio-transmitter,149.124,149.124
00:00.0,861730.1087,5384429.797,radio-transmitter,149.124,149.124
00:00.0,861828.6461,5384550.556,radio-transmitter,149.124,149.124
00:00.0,861747.2602,5384440.144,radio-transmitter,149.124,149.124
00:00.0,861796.3126,5384425.122,radio-transmitter,149.124,149.124
00:00.0,861922.0323,5384426.979,radio-transmitter,149.233,149.233
00:00.0,861877.5131,5384390.839,radio-transmitter,149.233,149.233
00:00.0,861888.0858,5384456.19,radio-transmitter,149.233,149.233
00:00.0,861976.6874,5384443.663,radio-transmitter,149.233,149.233
00:00.0,861881.0262,5384405.079,radio-transmitter,149.233,149.233
00:00.0,861907.7247,5384439.582,radio-transmitter,149.233,149.233
00:00.0,862248.1546,5384626.738,radio-transmitter,149.233,149.233
00:00.0,861895.2163,5384504.943,radio-transmitter,149.233,149.233
00:00.0,862038.4889,5384532.352,radio-transmitter,149.233,149.233
00:00.0,861859.0987,5384466.872,radio-transmitter,149.233,149.233
00:00.0,861769.9467,5384387.033,radio-transmitter,149.233,149.233
00:00.0,861773.5414,5384421.842,radio-transmitter,149.233,149.233
00:00.0,861879.9076,5384509.605,radio-transmitter,149.233,149.233
00:00.0,861932.1938,5384511.687,radio-transmitter,149.233,149.233
00:00.0,861855.6781,5384532.058,radio-transmitter,149.233,149.233
00:00.0,861715.9006,5384441.873,radio-transmitter,149.233,149.233
00:00.0,861854.6175,5384539.232,radio-transmitter,149.233,149.233
00:00.0,861985.2534,5384515.409,radio-transmitter,149.233,149.233
00:00.0,861926.0698,5384412.772,radio-transmitter,149.233,149.233
00:00.0,861982.2721,5384406.831,radio-transmitter,149.233,149.233
00:00.0,861855.5049,5384398.605,radio-transmitter,149.233,149.233
00:00.0,861972.106,5384353.933,radio-transmitter,149.233,149.233
00:00.0,861910.1622,5384381.149,radio-transmitter,149.233,149.233
00:00.0,861835.8492,5384454.476,radio-transmitter,149.233,149.233
00:00.0,861813.7849,5384378.783,radio-transmitter,149.233,149.233
00:00.0,861835.7351,5384508.578,radio-transmitter,149.233,149.233
00:00.0,862024.0374,5384692.069,radio-transmitter,149.233,149.233
00:00.0,861961.1592,5384556.028,radio-transmitter,149.233,149.233
00:00.0,861794.2588,5384239.813,radio-transmitter,149.233,149.233
00:00.0,861733.7976,5384534.162,radio-transmitter,149.233,149.233
00:00.0,861844.814,5384390.284,radio-transmitter,149.233,149.233
00:00.0,861911.76,5384316.002,radio-transmitter,149.233,149.233
00:00.0,861920.1914,5384436.291,radio-transmitter,149.233,149.233
00:00.0,861918.2659,5384447.759,radio-transmitter,149.233,149.233
00:00.0,861980.399,5384419.07,radio-transmitter,149.233,149.233
00:00.0,861883.1922,5384464.242,radio-transmitter,149.233,149.233
00:00.0,861933.655,5384418.644,radio-transmitter,149.233,149.233
00:00.0,861952.9555,5384398.529,radio-transmitter,149.233,149.233
00:00.0,862079.7,5384762.874,radio-transmitter,149.233,149.233
00:00.0,861894.8556,5384465.267,radio-transmitter,149.233,149.233
00:00.0,861951.9908,5384480.4,radio-transmitter,149.233,149.233
00:00.0,861851.9855,5384409.56,radio-transmitter,149.233,149.233
00:00.0,861789.4651,5384281.68,radio-transmitter,149.233,149.233
00:00.0,861819.2557,5384411.364,radio-transmitter,149.233,149.233
00:00.0,861524.7691,5384564.908,radio-transmitter,149.294,149.294
00:00.0,861592.997,5384381.149,radio-transmitter,149.294,149.294
00:00.0,861492.5925,5384387.976,radio-transmitter,149.294,149.294
00:00.0,861571.6693,5384373.642,radio-transmitter,149.294,149.294
00:00.0,861420.6375,5384309.333,radio-transmitter,149.294,149.294
00:00.0,861434.3723,5384301.722,radio-transmitter,149.294,149.294
00:00.0,861563.2647,5384336.537,radio-transmitter,149.294,149.294
00:00.0,861528.1144,5384348.647,radio-transmitter,149.294,149.294
00:00.0,861462.2322,5384674.795,radio-transmitter,149.294,149.294
00:00.0,861425.2488,5384279.753,radio-transmitter,149.294,149.294
00:00.0,861585.0653,5384370.336,radio-transmitter,149.294,149.294
00:00.0,861643.7423,5384389.024,radio-transmitter,149.294,149.294
00:00.0,861766.9408,5384234.352,radio-transmitter,149.294,149.294
00:00.0,861504.1423,5384379.228,radio-transmitter,149.294,149.294
00:00.0,861691.0407,5384361.883,radio-transmitter,149.294,149.294
00:00.0,861598.7406,5384322.133,radio-transmitter,149.294,149.294
00:00.0,861459.1769,5384459.69,radio-transmitter,149.294,149.294
00:00.0,861731.2858,5384273.327,radio-transmitter,149.294,149.294
00:00.0,861653.8978,5384245.641,radio-transmitter,149.294,149.294
00:00.0,861936.1886,5384180.349,radio-transmitter,149.294,149.294
00:00.0,861628.1511,5384302.915,radio-transmitter,149.294,149.294
00:00.0,861734.909,5384447.848,radio-transmitter,149.294,149.294
00:00.0,861623.5351,5384380.722,radio-transmitter,149.294,149.294
00:00.0,861652.5162,5384338.605,radio-transmitter,149.294,149.294
00:00.0,861592.9592,5384348.788,radio-transmitter,149.294,149.294
00:00.0,861702.0554,5384432.818,radio-transmitter,149.294,149.294
00:00.0,861626.4836,5384377.252,radio-transmitter,149.294,149.294
00:00.0,861579.175,5384280.282,radio-transmitter,149.294,149.294
00:00.0,861511.7155,5384495.652,radio-transmitter,149.294,149.294
00:00.0,861282.7219,5384439.197,radio-transmitter,149.294,149.294
00:00.0,861567.4584,5384348.388,radio-transmitter,149.294,149.294
00:00.0,861714.9076,5384382.545,radio-transmitter,149.423,149.423
00:00.0,861657.3984,5384228.411,radio-transmitter,149.423,149.423
00:00.0,861706.4539,5384361.193,radio-transmitter,149.423,149.423
00:00.0,861644.3099,5384266.39,radio-transmitter,149.423,149.423
00:00.0,861617.2133,5384394.987,radio-transmitter,149.423,149.423
00:00.0,861744.2453,5384156.641,radio-transmitter,149.423,149.423
00:00.0,861676.9731,5384374.753,radio-transmitter,149.423,149.423
00:00.0,861712.7049,5384379.229,radio-transmitter,149.423,149.423
00:00.0,861643.599,5384290.405,radio-transmitter,149.423,149.423
00:00.0,861704.2022,5384293.682,radio-transmitter,149.423,149.423
00:00.0,861695.8642,5384331.165,radio-transmitter,149.423,149.423
00:00.0,861728.5391,5384238.596,radio-transmitter,149.423,149.423
00:00.0,861697.9783,5384409.71,radio-transmitter,149.423,149.423
00:00.0,861658.6427,5384406.67,radio-transmitter,149.423,149.423
00:00.0,861711.3864,5384363.611,radio-transmitter,149.423,149.423
00:00.0,861690.0411,5384339.396,radio-transmitter,149.423,149.423
00:00.0,861751.0368,5384339.987,radio-transmitter,149.423,149.423
00:00.0,861702.2049,5384307.172,radio-transmitter,149.423,149.423
00:00.0,861845.2279,5384326.996,radio-transmitter,149.423,149.423
00:00.0,861707.2332,5384312.58,radio-transmitter,149.423,149.423
00:00.0,861678.1294,5384267.459,radio-transmitter,149.423,149.423
00:00.0,861730.858,5384273.523,radio-transmitter,149.423,149.423
00:00.0,861845.4735,5384101.101,radio-transmitter,149.423,149.423
00:00.0,861646.2456,5384308.324,radio-transmitter,149.423,149.423
00:00.0,861634.4708,5384436.754,radio-transmitter,149.423,149.423
00:00.0,861698.8059,5384350.761,radio-transmitter,149.423,149.423
00:00.0,861738.1684,5384215.267,radio-transmitter,149.423,149.423
00:00.0,861725.572,5384242.006,radio-transmitter,149.423,149.423
00:00.0,861656.4568,5384286.658,radio-transmitter,149.423,149.423
00:00.0,861629.8986,5384300.01,radio-transmitter,149.423,149.423
00:00.0,861744.8286,5384244.254,radio-transmitter,149.423,149.423
00:00.0,861714.1466,5384527.071,radio-transmitter,149.423,149.423
00:00.0,861672.4342,5384289.236,radio-transmitter,149.423,149.423
00:00.0,861661.5595,5384376.715,radio-transmitter,149.423,149.423
00:00.0,861385.3992,5384651.969,radio-transmitter,149.423,149.423
00:00.0,861696.4922,5384326.814,radio-transmitter,149.423,149.423
00:00.0,861760.2489,5384169.834,radio-transmitter,149.513,149.513
00:00.0,861790.3133,5384258.201,radio-transmitter,149.513,149.513
00:00.0,861924.3302,5384332.222,radio-transmitter,149.513,149.513
00:00.0,862053.7006,5384467.868,radio-transmitter,149.513,149.513
00:00.0,861915.9995,5384430.148,radio-transmitter,149.513,149.513
00:00.0,861937.5817,5384348.004,radio-transmitter,149.513,149.513
00:00.0,861988.978,5384518.151,radio-transmitter,149.513,149.513
00:00.0,861961.7759,5384512.638,radio-transmitter,149.513,149.513
00:00.0,861793.2627,5384498.384,radio-transmitter,149.513,149.513
00:00.0,861815.4559,5384347.185,radio-transmitter,149.513,149.513
00:00.0,861898.2042,5384450.829,radio-transmitter,149.513,149.513
00:00.0,861950.6067,5384441.168,radio-transmitter,149.513,149.513
00:00.0,861983.4882,5384323.129,radio-transmitter,149.513,149.513
00:00.0,861864.3215,5384455.412,radio-transmitter,149.513,149.513
00:00.0,861905.9904,5384412.544,radio-transmitter,149.513,149.513
00:00.0,861967.4909,5384432.298,radio-transmitter,149.513,149.513
00:00.0,861728.9683,5384392.249,radio-transmitter,149.594,149.594
00:00.0,861960.2234,5384718.925,radio-transmitter,149.594,149.594
00:00.0,861811.6245,5384364.646,radio-transmitter,149.594,149.594
00:00.0,861910.6693,5384603.108,radio-transmitter,149.594,149.594
00:00.0,861668.4956,5384422.733,radio-transmitter,149.594,149.594
00:00.0,861775.2663,5384750.01,radio-transmitter,149.594,149.594
00:00.0,861709.9305,5384558.499,radio-transmitter,149.594,149.594
00:00.0,861908.7555,5384714.201,radio-transmitter,149.594,149.594
00:00.0,861842.2356,5384612.121,radio-transmitter,149.594,149.594
00:00.0,861711.7761,5384492.773,radio-transmitter,149.594,149.594
00:00.0,861966.232,5384600.284,radio-transmitter,149.594,149.594
00:00.0,861724.8961,5384518.49,radio-transmitter,149.594,149.594
00:00.0,861966.2126,5384667.854,radio-transmitter,149.594,149.594
00:00.0,861681.0276,5384434.713,radio-transmitter,149.594,149.594
00:00.0,861980.3894,5384667.122,radio-transmitter,149.594,149.594
00:00.0,861831.9714,5384371.931,radio-transmitter,149.594,149.594
00:00.0,861784.8486,5384533.526,radio-transmitter,149.594,149.594
00:00.0,861757.5786,5384397.277,radio-transmitter,149.594,149.594
00:00.0,861903.0103,5384624.139,radio-transmitter,149.594,149.594
00:00.0,861829.0844,5384552.362,radio-transmitter,149.594,149.594
00:00.0,861803.0703,5384530.929,radio-transmitter,149.594,149.594
00:00.0,861705.4152,5384450.025,radio-transmitter,149.594,149.594
00:00.0,861782.286,5384495.453,radio-transmitter,149.594,149.594
00:00.0,861924.3811,5384652.485,radio-transmitter,149.594,149.594
00:00.0,861768.3806,5384518.766,radio-transmitter,149.594,149.594
00:00.0,861804.0091,5384626.514,radio-transmitter,149.594,149.594
00:00.0,862100.2392,5384599.791,radio-transmitter,149.594,149.594
00:00.0,861683.3656,5384834.921,radio-transmitter,149.594,149.594
00:00.0,861775.6945,5384595.525,radio-transmitter,149.594,149.594
00:00.0,861988.313,5384970.134,radio-transmitter,149.594,149.594
00:00.0,861920.3695,5384616.548,radio-transmitter,149.594,149.594
00:00.0,861715.0768,5384617.638,radio-transmitter,149.594,149.594
00:00.0,861795.7967,5384519.617,radio-transmitter,149.594,149.594
00:00.0,861841.8788,5384273.654,radio-transmitter,149.594,149.594
00:00.0,861942.7344,5384338.182,radio-transmitter,149.594,149.594
00:00.0,861919.7448,5384571.551,radio-transmitter,149.594,149.594
00:00.0,861394.1229,5384088.962,radio-transmitter,150.032,150.032
00:00.0,861303.1125,5384212.918,radio-transmitter,150.032,150.032
00:00.0,861944.992,5383909.395,radio-transmitter,150.032,150.032
00:00.0,861827.1373,5383915.716,radio-transmitter,150.032,150.032
00:00.0,861063.579,5383914.359,radio-transmitter,150.032,150.032
00:00.0,861494.1047,5384002.616,radio-transmitter,150.032,150.032
00:00.0,861503.1733,5383970.381,radio-transmitter,150.032,150.032
00:00.0,862103.6146,5383943.227,radio-transmitter,150.032,150.032
00:00.0,861918.0896,5384165.687,radio-transmitter,150.032,150.032
00:00.0,861539.9789,5384110.221,radio-transmitter,150.032,150.032
00:00.0,861265.2344,5384078.94,radio-transmitter,150.032,150.032
00:00.0,861583.0103,5384019.609,radio-transmitter,150.032,150.032
00:00.0,861646.9147,5383992.771,radio-transmitter,150.032,150.032
00:00.0,861463.8072,5384033.601,radio-transmitter,150.032,150.032
00:00.0,861828.977,5384086.969,radio-transmitter,150.032,150.032
00:00.0,861650.4511,5384044.417,radio-transmitter,150.032,150.032
00:00.0,861525.6115,5384051.075,radio-transmitter,150.032,150.032
00:00.0,861417.2346,5384069.97,radio-transmitter,150.032,150.032
00:00.0,861206.2838,5384043.652,radio-transmitter,150.032,150.032
00:00.0,861263.7217,5384038.16,radio-transmitter,150.032,150.032
00:00.0,861513.7153,5384019.466,radio-transmitter,150.032,150.032
00:00.0,861130.574,5384086.659,radio-transmitter,150.032,150.032
00:00.0,861338.25,5383901.615,radio-transmitter,150.032,150.032
00:00.0,861588.0598,5384066.14,radio-transmitter,150.032,150.032
00:00.0,861500.9901,5384292.026,radio-transmitter,150.052,150.052
00:00.0,861518.9133,5384264.376,radio-transmitter,150.052,150.052
00:00.0,861315.6615,5384320.195,radio-transmitter,150.052,150.052
00:00.0,861575.3259,5384349.5,radio-transmitter,150.052,150.052
00:00.0,861531.1082,5384265.826,radio-transmitter,150.052,150.052
00:00.0,861536.5551,5384306.286,radio-transmitter,150.052,150.052
00:00.0,861036.2294,5384068.197,radio-transmitter,150.052,150.052
00:00.0,861341.2583,5384226.912,radio-transmitter,150.052,150.052
00:00.0,861508.6356,5384307.13,radio-transmitter,150.052,150.052
00:00.0,861307.4706,5384308.934,radio-transmitter,150.052,150.052
00:00.0,861476.9474,5384351.345,radio-transmitter,150.052,150.052
00:00.0,861427.85,5384220.143,radio-transmitter,150.052,150.052
00:00.0,861441.9278,5384155.019,radio-transmitter,150.052,150.052
00:00.0,861397.3223,5384253.987,radio-transmitter,150.052,150.052
00:00.0,861417.1065,5383980.431,radio-transmitter,150.052,150.052
00:00.0,861445.8179,5384236.724,radio-transmitter,150.052,150.052
00:00.0,861420.2459,5384215.043,radio-transmitter,150.052,150.052
00:00.0,861402.7879,5384191.983,radio-transmitter,150.052,150.052
00:00.0,861405.9569,5384335.263,radio-transmitter,150.052,150.052
00:00.0,861485.98,5384323.897,radio-transmitter,150.052,150.052
00:00.0,861481.9918,5384347.747,radio-transmitter,150.052,150.052
00:00.0,861492.9375,5384259.718,radio-transmitter,150.052,150.052
00:00.0,861541.0111,5384330.235,radio-transmitter,150.052,150.052
00:00.0,861423.3697,5384265.673,radio-transmitter,150.052,150.052
00:00.0,861841.415,5384570.63,radio-transmitter,150.072,150.072
00:00.0,861934.8178,5384501.112,radio-transmitter,150.072,150.072
00:00.0,861864.7563,5384586.627,radio-transmitter,150.072,150.072
00:00.0,861892.0225,5384564.394,radio-transmitter,150.072,150.072
00:00.0,861858.7653,5384548.814,radio-transmitter,150.072,150.072
00:00.0,862040.7078,5384654.577,radio-transmitter,150.072,150.072
00:00.0,861802.5102,5384463.114,radio-transmitter,150.072,150.072
00:00.0,861729.5921,5384523.112,radio-transmitter,150.072,150.072
00:00.0,861816.2933,5384715.981,radio-transmitter,150.072,150.072
00:00.0,861778.2151,5384612.225,radio-transmitter,150.072,150.072
00:00.0,861707.5491,5384541.226,radio-transmitter,150.072,150.072
00:00.0,861803.4915,5384454.062,radio-transmitter,150.072,150.072
00:00.0,861926.9677,5384661.016,radio-transmitter,150.072,150.072
00:00.0,861800.571,5384543.201,radio-transmitter,150.072,150.072
00:00.0,861790.4209,5384647.542,radio-transmitter,150.072,150.072
00:00.0,861793.0422,5384450.161,radio-transmitter,150.072,150.072
00:00.0,861840.2188,5384487.997,radio-transmitter,150.072,150.072
00:00.0,861743.2257,5384463.647,radio-transmitter,150.072,150.072
00:00.0,861842.7901,5384555.092,radio-transmitter,150.072,150.072
00:00.0,861691.8314,5384511.454,radio-transmitter,150.072,150.072
00:00.0,861807.9706,5384429.339,radio-transmitter,150.072,150.072
00:00.0,861707.6889,5384516.509,radio-transmitter,150.072,150.072
00:00.0,861814.5125,5384609.205,radio-transmitter,150.072,150.072
00:00.0,861796.4421,5384501.393,radio-transmitter,150.072,150.072
00:00.0,861851.6775,5384536.505,radio-transmitter,150.072,150.072
00:00.0,861780.7199,5384067.5,radio-transmitter,150.072,150.072
00:00.0,861840.393,5384760.359,radio-transmitter,150.072,150.072
00:00.0,861792.5833,5384557.061,radio-transmitter,150.072,150.072
00:00.0,861776.3045,5384407.844,radio-transmitter,150.072,150.072
00:00.0,861688.6669,5384383.006,radio-transmitter,150.072,150.072
00:00.0,861819.2761,5384463.352,radio-transmitter,150.072,150.072
00:00.0,861799.0517,5384493.147,radio-transmitter,150.072,150.072
00:00.0,861729.4934,5384447.129,radio-transmitter,150.072,150.072
00:00.0,861724.4644,5384392.127,radio-transmitter,150.072,150.072
00:00.0,861627.1728,5384437.6,radio-transmitter,150.072,150.072
00:00.0,861675.4576,5384424.825,radio-transmitter,150.072,150.072
00:00.0,861734.4629,5384455.157,radio-transmitter,150.091,150.091
00:00.0,861762.079,5384516.195,radio-transmitter,150.091,150.091
00:00.0,861910.0237,5384711.411,radio-transmitter,150.091,150.091
00:00.0,861944.8014,5384847.569,radio-transmitter,150.091,150.091
00:00.0,861945.0424,5384628.289,radio-transmitter,150.091,150.091
00:00.0,861902.4277,5384689.1,radio-transmitter,150.091,150.091
00:00.0,862190.8209,5384893.694,radio-transmitter,150.091,150.091
00:00.0,861790.5222,5384586.083,radio-transmitter,150.091,150.091
00:00.0,861603.3822,5384660.207,radio-transmitter,150.091,150.091
00:00.0,861667.647,5384499.546,radio-transmitter,150.091,150.091
00:00.0,861789.7587,5384435.893,radio-transmitter,150.091,150.091
00:00.0,861664.8285,5384671.986,radio-transmitter,150.091,150.091
00:00.0,861964.2285,5384597.603,radio-transmitter,150.091,150.091
00:00.0,861892.1244,5384617.852,radio-transmitter,150.091,150.091
00:00.0,861682.3389,5384465.726,radio-transmitter,150.091,150.091
00:00.0,861601.1389,5384513.064,radio-transmitter,150.091,150.091
00:00.0,861819.7718,5384534.402,radio-transmitter,150.091,150.091
00:00.0,862041.5054,5384715.885,radio-transmitter,150.091,150.091
00:00.0,861849.9517,5384874.405,radio-transmitter,150.091,150.091
00:00.0,861559.0335,5384675.696,radio-transmitter,150.091,150.091
00:00.0,861754.4147,5384354.891,radio-transmitter,150.091,150.091
00:00.0,861957.6968,5384765.191,radio-transmitter,150.091,150.091
00:00.0,861961.3248,5384266.753,radio-transmitter,150.091,150.091
00:00.0,861660.0682,5384524.957,radio-transmitter,150.091,150.091
00:00.0,861940.2656,5384671.194,radio-transmitter,150.091,150.091
00:00.0,861829.6098,5384529.696,radio-transmitter,150.091,150.091
00:00.0,861826.33,5384607.682,radio-transmitter,150.091,150.091
00:00.0,861786.872,5384545.656,radio-transmitter,150.091,150.091
00:00.0,861887.158,5384605.554,radio-transmitter,150.091,150.091
00:00.0,861925.0403,5384586.829,radio-transmitter,150.091,150.091
00:00.0,862018.0722,5384596.211,radio-transmitter,150.091,150.091
00:00.0,861945.5518,5384676.658,radio-transmitter,150.091,150.091
00:00.0,861877.9103,5384615.697,radio-transmitter,150.091,150.091
00:00.0,861892.6418,5384580.131,radio-transmitter,150.091,150.091
00:00.0,861700.2242,5384457.209,radio-transmitter,150.091,150.091
00:00.0,862050.0795,5384497.36,radio-transmitter,150.111,150.111
00:00.0,861815.6415,5384528.327,radio-transmitter,150.111,150.111
00:00.0,861785.9934,5384331.829,radio-transmitter,150.111,150.111
00:00.0,861812.2955,5384674.329,radio-transmitter,150.111,150.111
00:00.0,861885.0564,5384786.988,radio-transmitter,150.111,150.111
00:00.0,861926.0236,5384580.635,radio-transmitter,150.111,150.111
00:00.0,861831.1016,5384496.06,radio-transmitter,150.111,150.111
00:00.0,861900.5253,5384517.498,radio-transmitter,150.111,150.111
00:00.0,861852.3723,5384573.832,radio-transmitter,150.111,150.111
00:00.0,861954.5646,5384625.131,radio-transmitter,150.111,150.111
00:00.0,861883.0776,5384517.682,radio-transmitter,150.111,150.111
00:00.0,861863.6534,5384628.134,radio-transmitter,150.111,150.111
00:00.0,861792.0668,5384528.381,radio-transmitter,150.111,150.111
00:00.0,861855.8544,5384573.7,radio-transmitter,150.111,150.111
00:00.0,861802.0114,5384586.256,radio-transmitter,150.111,150.111
00:00.0,861788.7887,5384554.38,radio-transmitter,150.111,150.111
00:00.0,861622.3506,5384550.232,radio-transmitter,150.111,150.111
00:00.0,861875.0287,5384580.572,radio-transmitter,150.111,150.111
00:00.0,861802.7952,5384509.573,radio-transmitter,150.111,150.111
00:00.0,861872.0179,5384636.283,radio-transmitter,150.111,150.111
00:00.0,861778.6056,5384551.487,radio-transmitter,150.111,150.111
00:00.0,861679.9203,5384412.351,radio-transmitter,150.111,150.111
00:00.0,861822.1605,5384618.586,radio-transmitter,150.111,150.111
00:00.0,862348.5638,5384865.54,radio-transmitter,150.111,150.111
00:00.0,861851.1091,5384559.656,radio-transmitter,150.111,150.111
00:00.0,861748.1957,5384512.309,radio-transmitter,150.111,150.111
00:00.0,861648.5268,5384487.761,radio-transmitter,150.111,150.111
00:00.0,861628.9942,5384452.604,radio-transmitter,150.111,150.111
00:00.0,861939.3689,5384417.16,radio-transmitter,150.111,150.111
00:00.0,861803.9988,5384270.621,radio-transmitter,150.111,150.111
00:00.0,861775.7336,5384504.908,radio-transmitter,150.111,150.111
00:00.0,862105.5405,5384818.997,radio-transmitter,150.111,150.111
00:00.0,861490.6562,5384517.999,radio-transmitter,150.111,150.111
00:00.0,862166.6252,5384659.456,radio-transmitter,150.111,150.111
00:00.0,862014.2894,5384623.552,radio-transmitter,150.111,150.111
00:00.0,861908.1095,5384450.56,radio-transmitter,150.111,150.111
00:00.0,861915.2892,5384565.253,radio-transmitter,150.111,150.111
00:00.0,861915.6949,5384598.211,radio-transmitter,150.111,150.111
00:00.0,861962.7233,5384667.744,radio-transmitter,150.111,150.111
00:00.0,861804.1483,5384336.827,radio-transmitter,150.111,150.111
00:00.0,861899.2664,5384539.196,radio-transmitter,150.111,150.111
00:00.0,861731.278,5384485.142,radio-transmitter,150.111,150.111
00:00.0,861845.5188,5384573.547,radio-transmitter,150.111,150.111
00:00.0,861820.5623,5384613.546,radio-transmitter,150.111,150.111
00:00.0,861864.5263,5384531.585,radio-transmitter,150.111,150.111
00:00.0,861758.208,5384234.267,radio-transmitter,150.154,150.154
00:00.0,861786.5691,5384202.813,radio-transmitter,150.154,150.154
00:00.0,861750.6421,5384185.415,radio-transmitter,150.154,150.154
00:00.0,861742.988,5384194.281,radio-transmitter,150.154,150.154
00:00.0,861728.6294,5384223.264,radio-transmitter,150.154,150.154
00:00.0,861748.9681,5384052.549,radio-transmitter,150.154,150.154
00:00.0,861775.9291,5384211.824,radio-transmitter,150.154,150.154
00:00.0,861855.6781,5384161.505,radio-transmitter,150.154,150.154
00:00.0,861857.753,5384196.769,radio-transmitter,150.154,150.154
00:00.0,861818.6993,5384168.559,radio-transmitter,150.154,150.154
00:00.0,861758.0357,5384185.071,radio-transmitter,150.154,150.154
00:00.0,861750.4376,5384202.329,radio-transmitter,150.154,150.154
00:00.0,861801.1183,5384169.056,radio-transmitter,150.154,150.154
00:00.0,861803.6389,5384206.776,radio-transmitter,150.154,150.154
00:00.0,861753.1482,5384289.66,radio-transmitter,150.154,150.154
00:00.0,861768.5356,5384250.755,radio-transmitter,150.154,150.154
00:00.0,861652.8464,5384289.492,radio-transmitter,150.154,150.154
00:00.0,861747.1617,5384170.222,radio-transmitter,150.154,150.154
00:00.0,861866.3885,5384280.271,radio-transmitter,150.154,150.154
00:00.0,861731.1677,5384229.274,radio-transmitter,150.154,150.154
00:00.0,861761.9561,5384340.795,radio-transmitter,150.173,150.173
00:00.0,861594.1784,5384284.82,radio-transmitter,150.173,150.173
00:00.0,861658.3253,5384212.582,radio-transmitter,150.173,150.173
00:00.0,861751.267,5384444.52,radio-transmitter,150.173,150.173
00:00.0,861974.1934,5384625.461,radio-transmitter,150.173,150.173
00:00.0,861703.9473,5384179.408,radio-transmitter,150.173,150.173
00:00.0,861641.8305,5384283.846,radio-transmitter,150.173,150.173
00:00.0,861735.5313,5384182.899,radio-transmitter,150.173,150.173
00:00.0,861495.3614,5384894.207,radio-transmitter,150.173,150.173
00:00.0,861481.9547,5384329.678,radio-transmitter,150.173,150.173
00:00.0,861625.0985,5384218.829,radio-transmitter,150.173,150.173
00:00.0,861628.8626,5384357.303,radio-transmitter,150.173,150.173
00:00.0,861416.3716,5384599.665,radio-transmitter,150.173,150.173
00:00.0,861780.3726,5384298.06,radio-transmitter,150.173,150.173
00:00.0,861609.1245,5384319.504,radio-transmitter,150.173,150.173
00:00.0,861910.4857,5384331.275,radio-transmitter,150.173,150.173
00:00.0,861663.5505,5384380.789,radio-transmitter,150.173,150.173
00:00.0,861621.7759,5384407.594,radio-transmitter,150.173,150.173
00:00.0,861699.1188,5384401.235,radio-transmitter,150.173,150.173
00:00.0,861579.5844,5384342.745,radio-transmitter,150.173,150.173
00:00.0,861849.365,5384583.455,radio-transmitter,150.173,150.173
00:00.0,861620.7379,5384354.493,radio-transmitter,150.173,150.173
00:00.0,861471.0463,5384392.497,radio-transmitter,150.173,150.173
00:00.0,861760.5871,5384432.865,radio-transmitter,150.173,150.173
00:00.0,861705.9365,5384392.606,radio-transmitter,150.173,150.173
00:00.0,861399.1809,5384334.041,radio-transmitter,150.173,150.173
00:00.0,861618.2744,5384320.775,radio-transmitter,150.173,150.173
00:00.0,861576.3745,5384341.842,radio-transmitter,150.173,150.173
00:00.0,861628.9009,5384310.76,radio-transmitter,150.173,150.173
00:00.0,861336.742,5384646.012,radio-transmitter,150.173,150.173
00:00.0,861609.8752,5384427.628,radio-transmitter,150.173,150.173
00:00.0,861351.4406,5384953.906,radio-transmitter,150.173,150.173
00:00.0,861496.3179,5384497.85,radio-transmitter,150.173,150.173
00:00.0,861697.303,5384418.755,radio-transmitter,150.173,150.173
00:00.0,861652.9837,5384248.104,radio-transmitter,150.173,150.173
00:00.0,861337.9544,5384105.673,radio-transmitter,150.191,150.191
00:00.0,861464.9938,5384146.88,radio-transmitter,150.191,150.191
00:00.0,861489.2818,5384144.571,radio-transmitter,150.191,150.191
00:00.0,861769.0336,5384005.199,radio-transmitter,150.191,150.191
00:00.0,861663.9256,5384183.583,radio-transmitter,150.191,150.191
00:00.0,861605.5037,5384197.323,radio-transmitter,150.191,150.191
00:00.0,861683.6221,5384090.017,radio-transmitter,150.191,150.191
00:00.0,861407.4862,5384095.622,radio-transmitter,150.191,150.191
00:00.0,861514.0984,5384326.553,radio-transmitter,150.191,150.191
00:00.0,861616.8007,5384111.201,radio-transmitter,150.191,150.191
00:00.0,861373.5013,5384044.057,radio-transmitter,150.191,150.191
00:00.0,861261.3982,5384051.15,radio-transmitter,150.191,150.191
00:00.0,861666.0655,5384106.038,radio-transmitter,150.191,150.191
00:00.0,861479.2812,5384210.62,radio-transmitter,150.191,150.191
00:00.0,861594.5734,5384188.296,radio-transmitter,150.191,150.191
00:00.0,861651.8164,5384187.629,radio-transmitter,150.191,150.191
00:00.0,861474.5163,5384093.295,radio-transmitter,150.191,150.191
00:00.0,861585.8761,5384303.925,radio-transmitter,150.191,150.191
00:00.0,861616.0622,5384200.052,radio-transmitter,150.191,150.191
00:00.0,861557.1118,5384231.833,radio-transmitter,150.191,150.191
00:00.0,861590.4127,5384238.691,radio-transmitter,150.191,150.191
00:00.0,861576.642,5384246.313,radio-transmitter,150.191,150.191
00:00.0,861251.1331,5384046.554,radio-transmitter,150.191,150.191
00:00.0,861727.012,5384164.624,radio-transmitter,150.191,150.191
00:00.0,861497.3697,5384120.664,radio-transmitter,150.191,150.191
00:00.0,861695.6197,5384111.594,radio-transmitter,150.191,150.191
00:00.0,861437.3251,5384091.605,radio-transmitter,150.191,150.191
00:00.0,861388.5565,5384140.846,radio-transmitter,150.191,150.191
00:00.0,861718.1714,5383995.126,radio-transmitter,150.191,150.191
00:00.0,861482.2679,5383956.089,radio-transmitter,150.191,150.191
00:00.0,861463.5529,5384144.389,radio-transmitter,150.191,150.191
00:00.0,861556.8845,5384214.281,radio-transmitter,150.191,150.191
00:00.0,861552.7857,5384129.358,radio-transmitter,150.191,150.191
00:00.0,861555.5981,5384242.214,radio-transmitter,150.191,150.191
00:00.0,861740.4199,5384089.365,radio-transmitter,150.191,150.191
00:00.0,861589.6178,5384089.21,radio-transmitter,150.191,150.191
00:00.0,861563.3778,5383935.916,radio-transmitter,150.191,150.191
00:00.0,861551.3992,5384186.637,radio-transmitter,150.191,150.191
00:00.0,861642.7863,5384143.44,radio-transmitter,150.191,150.191
00:00.0,861583.909,5384163.715,radio-transmitter,150.191,150.191
00:00.0,861614.2882,5383997.728,radio-transmitter,150.191,150.191
00:00.0,861545.8245,5384152.118,radio-transmitter,150.191,150.191
00:00.0,861657.2247,5383881.858,radio-transmitter,150.191,150.191
00:00.0,861331.3798,5384376.527,radio-transmitter,150.232,150.232
00:00.0,861269.9404,5384311.658,radio-transmitter,150.232,150.232
00:00.0,861278.8348,5384364.84,radio-transmitter,150.232,150.232
00:00.0,861237.6077,5384316.724,radio-transmitter,150.232,150.232
00:00.0,860957.0947,5384496.268,radio-transmitter,150.232,150.232
00:00.0,861483.4718,5384336.854,radio-transmitter,150.232,150.232
00:00.0,861725.7219,5384171.342,radio-transmitter,150.232,150.232
00:00.0,861481.0009,5384324.856,radio-transmitter,150.232,150.232
00:00.0,861253.8503,5384377.98,radio-transmitter,150.232,150.232
00:00.0,861441.5105,5384388.575,radio-transmitter,150.232,150.232
00:00.0,861392.6752,5384445.427,radio-transmitter,150.232,150.232
00:00.0,861227.4579,5384452.848,radio-transmitter,150.232,150.232
00:00.0,861410.2132,5384346.22,radio-transmitter,150.232,150.232
00:00.0,861363.5519,5384345.249,radio-transmitter,150.232,150.232
00:00.0,861421.9405,5384365.58,radio-transmitter,150.232,150.232
00:00.0,861660.9671,5384160.67,radio-transmitter,150.232,150.232
00:00.0,861320.029,5384385.796,radio-transmitter,150.232,150.232
00:00.0,861202.8542,5384343.332,radio-transmitter,150.232,150.232
00:00.0,861289.3046,5384436.78,radio-transmitter,150.232,150.232
00:00.0,861528.3599,5384397.063,radio-transmitter,150.232,150.232
00:00.0,861409.136,5384445.31,radio-transmitter,150.232,150.232
00:00.0,861515.0261,5384354.372,radio-transmitter,150.232,150.232
00:00.0,861527.633,5384410.217,radio-transmitter,150.232,150.232
00:00.0,861119.9967,5384310.937,radio-transmitter,150.232,150.232
00:00.0,861131.7907,5384412.805,radio-transmitter,150.232,150.232
00:00.0,861169.1168,5384327.583,radio-transmitter,150.232,150.232
00:00.0,861624.4805,5384290.974,radio-transmitter,150.232,150.232
00:00.0,861315.5018,5384391.603,radio-transmitter,150.232,150.232
00:00.0,861658.6243,5384244.283,radio-transmitter,150.232,150.232
00:00.0,861323.0799,5384451.309,radio-transmitter,150.232,150.232
00:00.0,861715.179,5384281.362,radio-transmitter,150.232,150.232
00:00.0,861599.1584,5384318.894,radio-transmitter,150.232,150.232
00:00.0,861439.1381,5384415.072,radio-transmitter,150.232,150.232
00:00.0,861507.2932,5384273.307,radio-transmitter,150.232,150.232
00:00.0,861357.8536,5384451.229,radio-transmitter,150.232,150.232
00:00.0,861408.8267,5384440.598,radio-transmitter,150.232,150.232
00:00.0,861943.5483,5384139.485,radio-transmitter,150.273,150.273
00:00.0,861890.3298,5384164.651,radio-transmitter,150.273,150.273
00:00.0,862011.2056,5384235.658,radio-transmitter,150.273,150.273
00:00.0,861928.4399,5384222.908,radio-transmitter,150.273,150.273
00:00.0,861980.9942,5384207.151,radio-transmitter,150.273,150.273
00:00.0,861934.8678,5384162.632,radio-transmitter,150.273,150.273
00:00.0,861917.7376,5384147.81,radio-transmitter,150.273,150.273
00:00.0,861939.9793,5384257.648,radio-transmitter,150.273,150.273
00:00.0,861967.0655,5384228.749,radio-transmitter,150.273,150.273
00:00.0,861942.181,5384267.59,radio-transmitter,150.273,150.273
00:00.0,861836.657,5384363.306,radio-transmitter,150.273,150.273
00:00.0,861906.0401,5384276.184,radio-transmitter,150.273,150.273
00:00.0,861995.0346,5384279.026,radio-transmitter,150.273,150.273
00:00.0,861998.1904,5384244.387,radio-transmitter,150.273,150.273
00:00.0,861966.2899,5384225.489,radio-transmitter,150.273,150.273
00:00.0,862027.242,5384303.98,radio-transmitter,150.273,150.273
00:00.0,861937.587,5384224.051,radio-transmitter,150.273,150.273
00:00.0,862031.9694,5384278.124,radio-transmitter,150.273,150.273
00:00.0,861957.4759,5384067.534,radio-transmitter,150.273,150.273
00:00.0,861951.7404,5384157.825,radio-transmitter,150.273,150.273
00:00.0,861927.6909,5384152.024,radio-transmitter,150.273,150.273
00:00.0,861929.6773,5384154.88,radio-transmitter,150.273,150.273
00:00.0,861961.1466,5384174.169,radio-transmitter,150.273,150.273
00:00.0,862025.3123,5384223.74,radio-transmitter,150.273,150.273
00:00.0,862087.0946,5384200.737,radio-transmitter,150.273,150.273
00:00.0,861894.829,5384215.315,radio-transmitter,150.273,150.273
00:00.0,861960.7466,5384166.47,radio-transmitter,150.273,150.273
00:00.0,862016.5882,5384134.427,radio-transmitter,150.273,150.273
00:00.0,862022.0378,5384177.422,radio-transmitter,150.273,150.273
00:00.0,862074.101,5384128.459,radio-transmitter,150.273,150.273
00:00.0,862070.3899,5384132.058,radio-transmitter,150.273,150.273
00:00.0,861930.1961,5384173.941,radio-transmitter,150.273,150.273
00:00.0,862127.9219,5384188.589,radio-transmitter,150.273,150.273
00:00.0,861881.7336,5384129.285,radio-transmitter,150.273,150.273
00:00.0,861791.9561,5384368.465,radio-transmitter,150.314,150.314
00:00.0,861740.7404,5384372.467,radio-transmitter,150.314,150.314
00:00.0,861834.9918,5384431.277,radio-transmitter,150.314,150.314
00:00.0,861909.5442,5384329.202,radio-transmitter,150.314,150.314
00:00.0,861785.561,5384474.192,radio-transmitter,150.314,150.314
00:00.0,861895.6774,5384415.92,radio-transmitter,150.314,150.314
00:00.0,861916.9971,5384368.205,radio-transmitter,150.314,150.314
00:00.0,861847.2896,5384464.944,radio-transmitter,150.314,150.314
00:00.0,861899.9105,5384461.633,radio-transmitter,150.314,150.314
00:00.0,861972.9525,5384465.871,radio-transmitter,150.314,150.314
00:00.0,861792.7217,5384455.313,radio-transmitter,150.314,150.314
00:00.0,861815.6316,5384463.635,radio-transmitter,150.314,150.314
00:00.0,861787.2929,5384379.151,radio-transmitter,150.314,150.314
00:00.0,861953.7464,5384422.463,radio-transmitter,150.314,150.314
00:00.0,861847.8342,5384408.969,radio-transmitter,150.314,150.314
00:00.0,861952.1843,5384595.226,radio-transmitter,150.314,150.314
00:00.0,861613.5033,5384471.322,radio-transmitter,150.314,150.314
00:00.0,861741.4596,5384379.407,radio-transmitter,150.314,150.314
00:00.0,861786.2114,5384431.367,radio-transmitter,150.314,150.314
00:00.0,861785.2052,5384550.319,radio-transmitter,150.314,150.314
00:00.0,861778.591,5384426.82,radio-transmitter,150.314,150.314
00:00.0,861845.6135,5384476.359,radio-transmitter,150.314,150.314
00:00.0,861774.495,5384546.331,radio-transmitter,150.314,150.314
00:00.0,861864.2384,5384505.334,radio-transmitter,150.314,150.314
00:00.0,861868.9035,5384562.408,radio-transmitter,150.314,150.314
00:00.0,861811.1365,5384399.555,radio-transmitter,150.314,150.314
00:00.0,861872.1648,5384622.079,radio-transmitter,150.314,150.314
00:00.0,861837.6735,5384734.172,radio-transmitter,150.314,150.314
00:00.0,861788.1094,5384537.486,radio-transmitter,150.314,150.314
00:00.0,861881.6123,5384410.829,radio-transmitter,150.314,150.314
00:00.0,861941.7399,5384419.438,radio-transmitter,150.314,150.314
00:00.0,861863.8541,5384501.396,radio-transmitter,150.314,150.314
00:00.0,862108.1644,5384817.268,radio-transmitter,150.314,150.314
00:00.0,861852.9966,5384526.641,radio-transmitter,150.314,150.314
00:00.0,861966.9888,5384572.238,radio-transmitter,150.314,150.314
00:00.0,861872.3296,5384453.283,radio-transmitter,150.314,150.314
00:00.0,861884.1947,5384387.761,radio-transmitter,150.314,150.314
00:00.0,861861.5812,5384492.736,radio-transmitter,150.314,150.314
00:00.0,861888.4407,5384279.812,radio-transmitter,150.314,150.314
00:00.0,861940.7221,5384413.105,radio-transmitter,150.314,150.314
00:00.0,861844.2174,5384395.292,radio-transmitter,150.314,150.314
00:00.0,861875.711,5384371.944,radio-transmitter,150.314,150.314
00:00.0,861899.2709,5384377.628,radio-transmitter,150.314,150.314
00:00.0,861994.6064,5384346.297,radio-transmitter,150.314,150.314
00:00.0,861950.8042,5384481.44,radio-transmitter,150.314,150.314
00:00.0,861861.6774,5384443.047,radio-transmitter,150.314,150.314
00:00.0,861652.4288,5384414.075,radio-transmitter,150.332,150.332
00:00.0,861773.8472,5384572.569,radio-transmitter,150.332,150.332
00:00.0,861829.7907,5384584.56,radio-transmitter,150.332,150.332
00:00.0,861849.6371,5384734.314,radio-transmitter,150.332,150.332
00:00.0,861806.28,5384546.477,radio-transmitter,150.332,150.332
00:00.0,861543.6957,5384814.415,radio-transmitter,150.332,150.332
00:00.0,861688.7286,5384653.222,radio-transmitter,150.332,150.332
00:00.0,861650.9864,5384785.854,radio-transmitter,150.332,150.332
00:00.0,861832.3291,5384759.37,radio-transmitter,150.332,150.332
00:00.0,861869.3196,5384973.624,radio-transmitter,150.332,150.332
00:00.0,861886.6153,5384670.599,radio-transmitter,150.332,150.332
00:00.0,862064.103,5384854.086,radio-transmitter,150.332,150.332
00:00.0,861817.6076,5384594.685,radio-transmitter,150.332,150.332
00:00.0,861620.0504,5384474.588,radio-transmitter,150.332,150.332
00:00.0,861707.7584,5384695.599,radio-transmitter,150.332,150.332
00:00.0,861497.6211,5384659.367,radio-transmitter,150.332,150.332
00:00.0,861484.1731,5384799.14,radio-transmitter,150.332,150.332
00:00.0,862023.3655,5384907.713,radio-transmitter,150.332,150.332
00:00.0,861661.8146,5384423.814,radio-transmitter,150.332,150.332
00:00.0,861697.0436,5384453.197,radio-transmitter,150.332,150.332
00:00.0,861737.0127,5384665.079,radio-transmitter,150.332,150.332
00:00.0,861626.9384,5384465.015,radio-transmitter,150.332,150.332
00:00.0,861490.6422,5384927.274,radio-transmitter,150.332,150.332
00:00.0,861603.857,5384661.193,radio-transmitter,150.332,150.332
00:00.0,861693.9617,5384522.484,radio-transmitter,150.332,150.332
00:00.0,861585.4643,5384742.246,radio-transmitter,150.332,150.332
00:00.0,861596.7343,5384604.091,radio-transmitter,150.332,150.332
00:00.0,861817.3736,5384882.567,radio-transmitter,150.332,150.332
00:00.0,861830.5035,5384656.128,radio-transmitter,150.332,150.332
00:00.0,861382.4867,5384661.357,radio-transmitter,150.332,150.332
00:00.0,861709.1316,5384286.839,radio-transmitter,150.332,150.332
00:00.0,861693.8827,5384726.145,radio-transmitter,150.332,150.332
00:00.0,861731.9356,5384549.389,radio-transmitter,150.332,150.332
00:00.0,861725.0409,5384601.804,radio-transmitter,150.332,150.332
00:00.0,861598.3312,5384792.111,radio-transmitter,150.332,150.332
00:00.0,861770.5961,5384464.762,radio-transmitter,150.332,150.332
00:00.0,861705.1959,5384575.464,radio-transmitter,150.332,150.332
00:00.0,861686.4353,5384428.042,radio-transmitter,150.332,150.332
00:00.0,861564.5065,5384809.699,radio-transmitter,150.332,150.332
00:00.0,861633.8019,5384349.709,radio-transmitter,150.332,150.332
00:00.0,861846.5733,5384598.418,radio-transmitter,150.332,150.332
00:00.0,861720.6755,5384454.022,radio-transmitter,150.332,150.332
00:00.0,861704.4652,5384372.52,radio-transmitter,150.332,150.332
00:00.0,861875.2252,5384674.418,radio-transmitter,150.332,150.332
00:00.0,861625.0877,5384267.149,radio-transmitter,150.373,150.373
00:00.0,861641.6034,5384260.768,radio-transmitter,150.373,150.373
00:00.0,861620.4203,5384311.355,radio-transmitter,150.373,150.373
00:00.0,861753.5046,5384176.838,radio-transmitter,150.373,150.373
00:00.0,861624.9413,5384166.864,radio-transmitter,150.373,150.373
00:00.0,861636.1882,5384339.964,radio-transmitter,150.373,150.373
00:00.0,861644.6704,5384336.5,radio-transmitter,150.373,150.373
00:00.0,861606.9494,5384274.667,radio-transmitter,150.373,150.373
00:00.0,861518.237,5384348.795,radio-transmitter,150.373,150.373
00:00.0,861676.2278,5384209.918,radio-transmitter,150.373,150.373
00:00.0,861632.1653,5384350.107,radio-transmitter,150.373,150.373
00:00.0,861712.2623,5384353.098,radio-transmitter,150.373,150.373
00:00.0,861759.3264,5384254.209,radio-transmitter,150.373,150.373
00:00.0,861722.6696,5384374.681,radio-transmitter,150.373,150.373
00:00.0,861678.8339,5384370.867,radio-transmitter,150.373,150.373
00:00.0,861364.1683,5384587.611,radio-transmitter,150.392,150.392
00:00.0,861394.5669,5384533.952,radio-transmitter,150.392,150.392
00:00.0,861333.5245,5384508.934,radio-transmitter,150.392,150.392
00:00.0,861322.1448,5384424.383,radio-transmitter,150.392,150.392
00:00.0,861254.3354,5384479.381,radio-transmitter,150.392,150.392
00:00.0,861309.618,5384400.182,radio-transmitter,150.392,150.392
00:00.0,861368.0055,5384598.814,radio-transmitter,150.392,150.392
00:00.0,861626.2278,5384409.866,radio-transmitter,150.392,150.392
00:00.0,861427.7738,5384571.527,radio-transmitter,150.392,150.392
00:00.0,861273.0401,5384994.013,radio-transmitter,150.392,150.392
00:00.0,861320.307,5384714.285,radio-transmitter,150.392,150.392
00:00.0,861509.5396,5384446.914,radio-transmitter,150.392,150.392
00:00.0,861366.832,5384845.555,radio-transmitter,150.392,150.392
00:00.0,861203.1653,5384402.057,radio-transmitter,150.392,150.392
00:00.0,861499.5314,5384509.657,radio-transmitter,150.392,150.392
00:00.0,861381.8417,5384621.601,radio-transmitter,150.392,150.392
00:00.0,861580.2169,5384444.457,radio-transmitter,150.392,150.392
00:00.0,861317.8971,5384623.821,radio-transmitter,150.392,150.392
00:00.0,861590.6302,5384408.29,radio-transmitter,150.392,150.392
00:00.0,861399.0422,5384477.25,radio-transmitter,150.392,150.392
00:00.0,861323.7813,5384680.897,radio-transmitter,150.392,150.392
00:00.0,861437.5526,5384573.013,radio-transmitter,150.392,150.392
00:00.0,861434.629,5384408.796,radio-transmitter,150.392,150.392
00:00.0,861451.6714,5384418.696,radio-transmitter,150.392,150.392
00:00.0,861683.936,5384343.665,radio-transmitter,150.392,150.392
00:00.0,861569.2782,5384456.286,radio-transmitter,150.392,150.392
00:00.0,861434.767,5384493.309,radio-transmitter,150.392,150.392
00:00.0,861244.4725,5384506.13,radio-transmitter,150.392,150.392
00:00.0,861044.4116,5384771.469,radio-transmitter,150.392,150.392
00:00.0,861520.1149,5384417.667,radio-transmitter,150.392,150.392
00:00.0,861244.2979,5384607.08,radio-transmitter,150.392,150.392
