Plot,Observer,Date,Direction,Height,Distance,Score
CS_01,Yolanda,2019-07-09,14,0.5,5,1
CS_01,Yolanda,2019-07-09,14,1,5,3
CS_01,Yolanda,2019-07-09,14,1.5,5,2
CS_01,Yolanda,2019-07-09,14,2,5,2
CS_01,Yolanda,2019-07-09,14,2.5,5,1
CS_01,Yolanda,2019-07-09,14,0.5,10,5
CS_01,Yolanda,2019-07-09,14,1,10,5
CS_01,Yolanda,2019-07-09,14,1.5,10,5
CS_01,Yolanda,2019-07-09,14,2,10,5
CS_01,Yolanda,2019-07-09,14,2.5,10,5
CS_01,Yolanda,2019-07-09,14,0.5,15,5
CS_01,Yolanda,2019-07-09,14,1,15,5
CS_01,Yolanda,2019-07-09,14,1.5,15,5
CS_01,Yolanda,2019-07-09,14,2,15,5
CS_01,Yolanda,2019-07-09,14,2.5,15,5
CS_01,Yolanda,2019-07-09,14,0.5,20,5
CS_01,Yolanda,2019-07-09,14,1,20,5
CS_01,Yolanda,2019-07-09,14,1.5,20,5
CS_01,Yolanda,2019-07-09,14,2,20,5
CS_01,Yolanda,2019-07-09,14,2.5,20,5
CS_01,Yolanda,2019-07-09,14,0.5,25,5
CS_01,Yolanda,2019-07-09,14,1,25,5
CS_01,Yolanda,2019-07-09,14,1.5,25,5
CS_01,Yolanda,2019-07-09,14,2,25,5
CS_01,Yolanda,2019-07-09,14,2.5,25,5
CS_01,Yolanda,2019-07-09,14,0.5,30,5
CS_01,Yolanda,2019-07-09,14,1,30,5
CS_01,Yolanda,2019-07-09,14,1.5,30,5
CS_01,Yolanda,2019-07-09,14,2,30,5
CS_01,Yolanda,2019-07-09,14,2.5,30,5
CS_02,Yolanda,2019-07-10,30,0.5,5,1
CS_02,Yolanda,2019-07-10,30,1,5,1
CS_02,Yolanda,2019-07-10,30,1.5,5,1
CS_02,Yolanda,2019-07-10,30,2,5,1
CS_02,Yolanda,2019-07-10,30,2.5,5,1
CS_02,Yolanda,2019-07-10,30,0.5,10,5
CS_02,Yolanda,2019-07-10,30,1,10,5
CS_02,Yolanda,2019-07-10,30,1.5,10,5
CS_02,Yolanda,2019-07-10,30,2,10,5
CS_02,Yolanda,2019-07-10,30,2.5,10,1
CS_02,Yolanda,2019-07-10,30,0.5,15,5
CS_02,Yolanda,2019-07-10,30,1,15,5
CS_02,Yolanda,2019-07-10,30,1.5,15,5
CS_02,Yolanda,2019-07-10,30,2,15,5
CS_02,Yolanda,2019-07-10,30,2.5,15,5
CS_02,Yolanda,2019-07-10,30,0.5,20,5
CS_02,Yolanda,2019-07-10,30,1,20,5
CS_02,Yolanda,2019-07-10,30,1.5,20,5
CS_02,Yolanda,2019-07-10,30,2,20,5
CS_02,Yolanda,2019-07-10,30,2.5,20,5
CS_02,Yolanda,2019-07-10,30,0.5,25,5
CS_02,Yolanda,2019-07-10,30,1,25,5
CS_02,Yolanda,2019-07-10,30,1.5,25,5
CS_02,Yolanda,2019-07-10,30,2,25,5
CS_02,Yolanda,2019-07-10,30,2.5,25,5
CS_02,Yolanda,2019-07-10,30,0.5,30,5
CS_02,Yolanda,2019-07-10,30,1,30,5
CS_02,Yolanda,2019-07-10,30,1.5,30,5
CS_02,Yolanda,2019-07-10,30,2,30,5
CS_02,Yolanda,2019-07-10,30,2.5,30,5
CS_03,Yolanda,2019-07-10,140,0.5,5,1
CS_03,Yolanda,2019-07-10,140,1,5,1
CS_03,Yolanda,2019-07-10,140,1.5,5,1
CS_03,Yolanda,2019-07-10,140,2,5,1
CS_03,Yolanda,2019-07-10,140,2.5,5,1
CS_03,Yolanda,2019-07-10,140,0.5,10,1
CS_03,Yolanda,2019-07-10,140,1,10,1
CS_03,Yolanda,2019-07-10,140,1.5,10,1
CS_03,Yolanda,2019-07-10,140,2,10,1
CS_03,Yolanda,2019-07-10,140,2.5,10,1
CS_03,Yolanda,2019-07-10,140,0.5,15,1
CS_03,Yolanda,2019-07-10,140,1,15,3
CS_03,Yolanda,2019-07-10,140,1.5,15,1
CS_03,Yolanda,2019-07-10,140,2,15,4
CS_03,Yolanda,2019-07-10,140,2.5,15,2
CS_03,Yolanda,2019-07-10,140,0.5,20,1
CS_03,Yolanda,2019-07-10,140,1,20,5
CS_03,Yolanda,2019-07-10,140,1.5,20,1
CS_03,Yolanda,2019-07-10,140,2,20,4
CS_03,Yolanda,2019-07-10,140,2.5,20,3
CS_03,Yolanda,2019-07-10,140,0.5,25,5
CS_03,Yolanda,2019-07-10,140,1,25,5
CS_03,Yolanda,2019-07-10,140,1.5,25,5
CS_03,Yolanda,2019-07-10,140,2,25,5
CS_03,Yolanda,2019-07-10,140,2.5,25,5
CS_03,Yolanda,2019-07-10,140,0.5,30,5
CS_03,Yolanda,2019-07-10,140,1,30,5
CS_03,Yolanda,2019-07-10,140,1.5,30,5
CS_03,Yolanda,2019-07-10,140,2,30,5
CS_03,Yolanda,2019-07-10,140,2.5,30,5
CS_04,Yolanda,2019-07-11,260,0.5,5,3
CS_04,Yolanda,2019-07-11,260,1,5,5
CS_04,Yolanda,2019-07-11,260,1.5,5,5
CS_04,Yolanda,2019-07-11,260,2,5,1
CS_04,Yolanda,2019-07-11,260,2.5,5,1
CS_04,Yolanda,2019-07-11,260,0.5,10,5
CS_04,Yolanda,2019-07-11,260,1,10,5
CS_04,Yolanda,2019-07-11,260,1.5,10,3
CS_04,Yolanda,2019-07-11,260,2,10,1
CS_04,Yolanda,2019-07-11,260,2.5,10,1
CS_04,Yolanda,2019-07-11,260,0.5,15,5
CS_04,Yolanda,2019-07-11,260,1,15,5
CS_04,Yolanda,2019-07-11,260,1.5,15,5
CS_04,Yolanda,2019-07-11,260,2,15,4
CS_04,Yolanda,2019-07-11,260,2.5,15,1
CS_04,Yolanda,2019-07-11,260,0.5,20,5
CS_04,Yolanda,2019-07-11,260,1,20,5
CS_04,Yolanda,2019-07-11,260,1.5,20,5
CS_04,Yolanda,2019-07-11,260,2,20,5
CS_04,Yolanda,2019-07-11,260,2.5,20,1
CS_04,Yolanda,2019-07-11,260,0.5,25,5
CS_04,Yolanda,2019-07-11,260,1,25,5
CS_04,Yolanda,2019-07-11,260,1.5,25,5
CS_04,Yolanda,2019-07-11,260,2,25,5
CS_04,Yolanda,2019-07-11,260,2.5,25,2
CS_04,Yolanda,2019-07-11,260,0.5,30,5
CS_04,Yolanda,2019-07-11,260,1,30,5
CS_04,Yolanda,2019-07-11,260,1.5,30,5
CS_04,Yolanda,2019-07-11,260,2,30,5
CS_04,Yolanda,2019-07-11,260,2.5,30,5
CS_05,Yolanda,2019-07-11,20,0.5,5,1
CS_05,Yolanda,2019-07-11,20,1,5,1
CS_05,Yolanda,2019-07-11,20,1.5,5,1
CS_05,Yolanda,2019-07-11,20,2,5,1
CS_05,Yolanda,2019-07-11,20,2.5,5,1
CS_05,Yolanda,2019-07-11,20,0.5,10,3
CS_05,Yolanda,2019-07-11,20,1,10,3
CS_05,Yolanda,2019-07-11,20,1.5,10,1
CS_05,Yolanda,2019-07-11,20,2,10,1
CS_05,Yolanda,2019-07-11,20,2.5,10,1
CS_05,Yolanda,2019-07-11,20,0.5,15,5
CS_05,Yolanda,2019-07-11,20,1,15,5
CS_05,Yolanda,2019-07-11,20,1.5,15,4
CS_05,Yolanda,2019-07-11,20,2,15,5
CS_05,Yolanda,2019-07-11,20,2.5,15,5
CS_05,Yolanda,2019-07-11,20,0.5,20,5
CS_05,Yolanda,2019-07-11,20,1,20,5
CS_05,Yolanda,2019-07-11,20,1.5,20,5
CS_05,Yolanda,2019-07-11,20,2,20,5
CS_05,Yolanda,2019-07-11,20,2.5,20,5
CS_05,Yolanda,2019-07-11,20,0.5,25,5
CS_05,Yolanda,2019-07-11,20,1,25,5
CS_05,Yolanda,2019-07-11,20,1.5,25,5
CS_05,Yolanda,2019-07-11,20,2,25,5
CS_05,Yolanda,2019-07-11,20,2.5,25,5
CS_05,Yolanda,2019-07-11,20,0.5,30,5
CS_05,Yolanda,2019-07-11,20,1,30,5
CS_05,Yolanda,2019-07-11,20,1.5,30,5
CS_05,Yolanda,2019-07-11,20,2,30,5
CS_05,Yolanda,2019-07-11,20,2.5,30,5
CS_06,Gabby,2019-07-09,253,0.5,5,3
CS_06,Gabby,2019-07-09,253,1,5,5
CS_06,Gabby,2019-07-09,253,1.5,5,2
CS_06,Gabby,2019-07-09,253,2,5,2
CS_06,Gabby,2019-07-09,253,2.5,5,3
CS_06,Gabby,2019-07-09,253,0.5,10,5
CS_06,Gabby,2019-07-09,253,1,10,3
CS_06,Gabby,2019-07-09,253,1.5,10,4
CS_06,Gabby,2019-07-09,253,2,10,4
CS_06,Gabby,2019-07-09,253,2.5,10,3
CS_06,Gabby,2019-07-09,253,0.5,15,5
CS_06,Gabby,2019-07-09,253,1,15,5
CS_06,Gabby,2019-07-09,253,1.5,15,4
CS_06,Gabby,2019-07-09,253,2,15,5
CS_06,Gabby,2019-07-09,253,2.5,15,5
CS_06,Gabby,2019-07-09,253,0.5,20,5
CS_06,Gabby,2019-07-09,253,1,20,5
CS_06,Gabby,2019-07-09,253,1.5,20,5
CS_06,Gabby,2019-07-09,253,2,20,5
CS_06,Gabby,2019-07-09,253,2.5,20,5
CS_06,Gabby,2019-07-09,253,0.5,25,5
CS_06,Gabby,2019-07-09,253,1,25,5
CS_06,Gabby,2019-07-09,253,1.5,25,5
CS_06,Gabby,2019-07-09,253,2,25,5
CS_06,Gabby,2019-07-09,253,2.5,25,5
CS_06,Gabby,2019-07-09,253,0.5,30,5
CS_06,Gabby,2019-07-09,253,1,30,5
CS_06,Gabby,2019-07-09,253,1.5,30,5
CS_06,Gabby,2019-07-09,253,2,30,5
CS_06,Gabby,2019-07-09,253,2.5,30,5
CS_07,Gabby,2019-07-10,308,0.5,5,3
CS_07,Gabby,2019-07-10,308,1,5,1
CS_07,Gabby,2019-07-10,308,1.5,5,1
CS_07,Gabby,2019-07-10,308,2,5,3
CS_07,Gabby,2019-07-10,308,2.5,5,2
CS_07,Gabby,2019-07-10,308,0.5,10,5
CS_07,Gabby,2019-07-10,308,1,10,2
CS_07,Gabby,2019-07-10,308,1.5,10,2
CS_07,Gabby,2019-07-10,308,2,10,4
CS_07,Gabby,2019-07-10,308,2.5,10,3
CS_07,Gabby,2019-07-10,308,0.5,15,5
CS_07,Gabby,2019-07-10,308,1,15,5
CS_07,Gabby,2019-07-10,308,1.5,15,4
CS_07,Gabby,2019-07-10,308,2,15,5
CS_07,Gabby,2019-07-10,308,2.5,15,5
CS_07,Gabby,2019-07-10,308,0.5,20,5
CS_07,Gabby,2019-07-10,308,1,20,5
CS_07,Gabby,2019-07-10,308,1.5,20,5
CS_07,Gabby,2019-07-10,308,2,20,5
CS_07,Gabby,2019-07-10,308,2.5,20,5
CS_07,Gabby,2019-07-10,308,0.5,25,5
CS_07,Gabby,2019-07-10,308,1,25,5
CS_07,Gabby,2019-07-10,308,1.5,25,5
CS_07,Gabby,2019-07-10,308,2,25,5
CS_07,Gabby,2019-07-10,308,2.5,25,5
CS_07,Gabby,2019-07-10,308,0.5,30,5
CS_07,Gabby,2019-07-10,308,1,30,5
CS_07,Gabby,2019-07-10,308,1.5,30,5
CS_07,Gabby,2019-07-10,308,2,30,5
CS_07,Gabby,2019-07-10,308,2.5,30,5
CS_08,Gabby,2019-07-11,211,0.5,5,5
CS_08,Gabby,2019-07-11,211,1,5,4
CS_08,Gabby,2019-07-11,211,1.5,5,3
CS_08,Gabby,2019-07-11,211,2,5,3
CS_08,Gabby,2019-07-11,211,2.5,5,4
CS_08,Gabby,2019-07-11,211,0.5,10,5
CS_08,Gabby,2019-07-11,211,1,10,5
CS_08,Gabby,2019-07-11,211,1.5,10,5
CS_08,Gabby,2019-07-11,211,2,10,5
CS_08,Gabby,2019-07-11,211,2.5,10,5
CS_08,Gabby,2019-07-11,211,0.5,15,5
CS_08,Gabby,2019-07-11,211,1,15,5
CS_08,Gabby,2019-07-11,211,1.5,15,5
CS_08,Gabby,2019-07-11,211,2,15,5
CS_08,Gabby,2019-07-11,211,2.5,15,5
CS_08,Gabby,2019-07-11,211,0.5,20,5
CS_08,Gabby,2019-07-11,211,1,20,5
CS_08,Gabby,2019-07-11,211,1.5,20,5
CS_08,Gabby,2019-07-11,211,2,20,5
CS_08,Gabby,2019-07-11,211,2.5,20,5
CS_08,Gabby,2019-07-11,211,0.5,25,5
CS_08,Gabby,2019-07-11,211,1,25,5
CS_08,Gabby,2019-07-11,211,1.5,25,5
CS_08,Gabby,2019-07-11,211,2,25,5
CS_08,Gabby,2019-07-11,211,2.5,25,5
CS_08,Gabby,2019-07-11,211,0.5,30,5
CS_08,Gabby,2019-07-11,211,1,30,5
CS_08,Gabby,2019-07-11,211,1.5,30,5
CS_08,Gabby,2019-07-11,211,2,30,5
CS_08,Gabby,2019-07-11,211,2.5,30,5
CS_09,Gabby,2019-07-11,133,0.5,5,5
CS_09,Gabby,2019-07-11,133,1,5,4
CS_09,Gabby,2019-07-11,133,1.5,5,2
CS_09,Gabby,2019-07-11,133,2,5,3
CS_09,Gabby,2019-07-11,133,2.5,5,1
CS_09,Gabby,2019-07-11,133,0.5,10,5
CS_09,Gabby,2019-07-11,133,1,10,5
CS_09,Gabby,2019-07-11,133,1.5,10,3
CS_09,Gabby,2019-07-11,133,2,10,3
CS_09,Gabby,2019-07-11,133,2.5,10,2
CS_09,Gabby,2019-07-11,133,0.5,15,5
CS_09,Gabby,2019-07-11,133,1,15,5
CS_09,Gabby,2019-07-11,133,1.5,15,4
CS_09,Gabby,2019-07-11,133,2,15,5
CS_09,Gabby,2019-07-11,133,2.5,15,2
CS_09,Gabby,2019-07-11,133,0.5,20,5
CS_09,Gabby,2019-07-11,133,1,20,5
CS_09,Gabby,2019-07-11,133,1.5,20,5
CS_09,Gabby,2019-07-11,133,2,20,5
CS_09,Gabby,2019-07-11,133,2.5,20,4
CS_09,Gabby,2019-07-11,133,0.5,25,5
CS_09,Gabby,2019-07-11,133,1,25,5
CS_09,Gabby,2019-07-11,133,1.5,25,5
CS_09,Gabby,2019-07-11,133,2,25,5
CS_09,Gabby,2019-07-11,133,2.5,25,5
CS_09,Gabby,2019-07-11,133,0.5,30,5
CS_09,Gabby,2019-07-11,133,1,30,5
CS_09,Gabby,2019-07-11,133,1.5,30,5
CS_09,Gabby,2019-07-11,133,2,30,5
CS_09,Gabby,2019-07-11,133,2.5,30,5
CS_10,Gabby,2019-07-10,136,0.5,5,2
CS_10,Gabby,2019-07-10,136,1,5,2
CS_10,Gabby,2019-07-10,136,1.5,5,2
CS_10,Gabby,2019-07-10,136,2,5,1
CS_10,Gabby,2019-07-10,136,2.5,5,1
CS_10,Gabby,2019-07-10,136,0.5,10,5
CS_10,Gabby,2019-07-10,136,1,10,5
CS_10,Gabby,2019-07-10,136,1.5,10,3
CS_10,Gabby,2019-07-10,136,2,10,1
CS_10,Gabby,2019-07-10,136,2.5,10,1
CS_10,Gabby,2019-07-10,136,0.5,15,5
CS_10,Gabby,2019-07-10,136,1,15,5
CS_10,Gabby,2019-07-10,136,1.5,15,4
CS_10,Gabby,2019-07-10,136,2,15,2
CS_10,Gabby,2019-07-10,136,2.5,15,1
CS_10,Gabby,2019-07-10,136,0.5,20,5
CS_10,Gabby,2019-07-10,136,1,20,5
CS_10,Gabby,2019-07-10,136,1.5,20,5
CS_10,Gabby,2019-07-10,136,2,20,5
CS_10,Gabby,2019-07-10,136,2.5,20,2
CS_10,Gabby,2019-07-10,136,0.5,25,5
CS_10,Gabby,2019-07-10,136,1,25,5
CS_10,Gabby,2019-07-10,136,1.5,25,5
CS_10,Gabby,2019-07-10,136,2,25,5
CS_10,Gabby,2019-07-10,136,2.5,25,5
CS_10,Gabby,2019-07-10,136,0.5,30,5
CS_10,Gabby,2019-07-10,136,1,30,5
CS_10,Gabby,2019-07-10,136,1.5,30,5
CS_10,Gabby,2019-07-10,136,2,30,5
CS_10,Gabby,2019-07-10,136,2.5,30,5
CS_11,Yolanda,2019-07-11,60,0.5,5,3
CS_11,Yolanda,2019-07-11,60,1,5,3
CS_11,Yolanda,2019-07-11,60,1.5,5,3
CS_11,Yolanda,2019-07-11,60,2,5,2
CS_11,Yolanda,2019-07-11,60,2.5,5,1
CS_11,Yolanda,2019-07-11,60,0.5,10,5
CS_11,Yolanda,2019-07-11,60,1,10,5
CS_11,Yolanda,2019-07-11,60,1.5,10,5
CS_11,Yolanda,2019-07-11,60,2,10,5
CS_11,Yolanda,2019-07-11,60,2.5,10,5
CS_11,Yolanda,2019-07-11,60,0.5,15,5
CS_11,Yolanda,2019-07-11,60,1,15,5
CS_11,Yolanda,2019-07-11,60,1.5,15,5
CS_11,Yolanda,2019-07-11,60,2,15,5
CS_11,Yolanda,2019-07-11,60,2.5,15,5
CS_11,Yolanda,2019-07-11,60,0.5,20,5
CS_11,Yolanda,2019-07-11,60,1,20,5
CS_11,Yolanda,2019-07-11,60,1.5,20,5
CS_11,Yolanda,2019-07-11,60,2,20,5
CS_11,Yolanda,2019-07-11,60,2.5,20,5
CS_11,Yolanda,2019-07-11,60,0.5,25,5
CS_11,Yolanda,2019-07-11,60,1,25,5
CS_11,Yolanda,2019-07-11,60,1.5,25,5
CS_11,Yolanda,2019-07-11,60,2,25,5
CS_11,Yolanda,2019-07-11,60,2.5,25,5
CS_11,Yolanda,2019-07-11,60,0.5,30,5
CS_11,Yolanda,2019-07-11,60,1,30,5
CS_11,Yolanda,2019-07-11,60,1.5,30,5
CS_11,Yolanda,2019-07-11,60,2,30,5
CS_11,Yolanda,2019-07-11,60,2.5,30,5
CS_12,Yolanda,2019-07-12,280,0.5,5,4
CS_12,Yolanda,2019-07-12,280,1,5,1
CS_12,Yolanda,2019-07-12,280,1.5,5,1
CS_12,Yolanda,2019-07-12,280,2,5,1
CS_12,Yolanda,2019-07-12,280,2.5,5,1
CS_12,Yolanda,2019-07-12,280,0.5,10,5
CS_12,Yolanda,2019-07-12,280,1,10,5
CS_12,Yolanda,2019-07-12,280,1.5,10,5
CS_12,Yolanda,2019-07-12,280,2,10,5
CS_12,Yolanda,2019-07-12,280,2.5,10,5
CS_12,Yolanda,2019-07-12,280,0.5,15,5
CS_12,Yolanda,2019-07-12,280,1,15,5
CS_12,Yolanda,2019-07-12,280,1.5,15,5
CS_12,Yolanda,2019-07-12,280,2,15,5
CS_12,Yolanda,2019-07-12,280,2.5,15,5
CS_12,Yolanda,2019-07-12,280,0.5,20,5
CS_12,Yolanda,2019-07-12,280,1,20,5
CS_12,Yolanda,2019-07-12,280,1.5,20,5
CS_12,Yolanda,2019-07-12,280,2,20,5
CS_12,Yolanda,2019-07-12,280,2.5,20,5
CS_12,Yolanda,2019-07-12,280,0.5,25,5
CS_12,Yolanda,2019-07-12,280,1,25,5
CS_12,Yolanda,2019-07-12,280,1.5,25,5
CS_12,Yolanda,2019-07-12,280,2,25,5
CS_12,Yolanda,2019-07-12,280,2.5,25,5
CS_12,Yolanda,2019-07-12,280,0.5,30,5
CS_12,Yolanda,2019-07-12,280,1,30,5
CS_12,Yolanda,2019-07-12,280,1.5,30,5
CS_12,Yolanda,2019-07-12,280,2,30,5
CS_12,Yolanda,2019-07-12,280,2.5,30,5
CS_13,Yolanda,2019-07-12,320,0.5,5,4
CS_13,Yolanda,2019-07-12,320,1,5,4
CS_13,Yolanda,2019-07-12,320,1.5,5,3
CS_13,Yolanda,2019-07-12,320,2,5,5
CS_13,Yolanda,2019-07-12,320,2.5,5,3
CS_13,Yolanda,2019-07-12,320,0.5,10,5
CS_13,Yolanda,2019-07-12,320,1,10,5
CS_13,Yolanda,2019-07-12,320,1.5,10,5
CS_13,Yolanda,2019-07-12,320,2,10,5
CS_13,Yolanda,2019-07-12,320,2.5,10,5
CS_13,Yolanda,2019-07-12,320,0.5,15,5
CS_13,Yolanda,2019-07-12,320,1,15,5
CS_13,Yolanda,2019-07-12,320,1.5,15,5
CS_13,Yolanda,2019-07-12,320,2,15,5
CS_13,Yolanda,2019-07-12,320,2.5,15,5
CS_13,Yolanda,2019-07-12,320,0.5,20,5
CS_13,Yolanda,2019-07-12,320,1,20,5
CS_13,Yolanda,2019-07-12,320,1.5,20,5
CS_13,Yolanda,2019-07-12,320,2,20,5
CS_13,Yolanda,2019-07-12,320,2.5,20,5
CS_13,Yolanda,2019-07-12,320,0.5,25,5
CS_13,Yolanda,2019-07-12,320,1,25,5
CS_13,Yolanda,2019-07-12,320,1.5,25,5
CS_13,Yolanda,2019-07-12,320,2,25,5
CS_13,Yolanda,2019-07-12,320,2.5,25,5
CS_13,Yolanda,2019-07-12,320,0.5,30,5
CS_13,Yolanda,2019-07-12,320,1,30,5
CS_13,Yolanda,2019-07-12,320,1.5,30,5
CS_13,Yolanda,2019-07-12,320,2,30,5
CS_13,Yolanda,2019-07-12,320,2.5,30,5
CS_14,Yolanda,2019-07-12,310,0.5,5,5
CS_14,Yolanda,2019-07-12,310,1,5,1
CS_14,Yolanda,2019-07-12,310,1.5,5,1
CS_14,Yolanda,2019-07-12,310,2,5,1
CS_14,Yolanda,2019-07-12,310,2.5,5,1
CS_14,Yolanda,2019-07-12,310,0.5,10,4
CS_14,Yolanda,2019-07-12,310,1,10,1
CS_14,Yolanda,2019-07-12,310,1.5,10,1
CS_14,Yolanda,2019-07-12,310,2,10,4
CS_14,Yolanda,2019-07-12,310,2.5,10,3
CS_14,Yolanda,2019-07-12,310,0.5,15,5
CS_14,Yolanda,2019-07-12,310,1,15,5
CS_14,Yolanda,2019-07-12,310,1.5,15,1
CS_14,Yolanda,2019-07-12,310,2,15,5
CS_14,Yolanda,2019-07-12,310,2.5,15,5
CS_14,Yolanda,2019-07-12,310,0.5,20,5
CS_14,Yolanda,2019-07-12,310,1,20,5
CS_14,Yolanda,2019-07-12,310,1.5,20,5
CS_14,Yolanda,2019-07-12,310,2,20,5
CS_14,Yolanda,2019-07-12,310,2.5,20,5
CS_14,Yolanda,2019-07-12,310,0.5,25,5
CS_14,Yolanda,2019-07-12,310,1,25,5
CS_14,Yolanda,2019-07-12,310,1.5,25,5
CS_14,Yolanda,2019-07-12,310,2,25,5
CS_14,Yolanda,2019-07-12,310,2.5,25,5
CS_14,Yolanda,2019-07-12,310,0.5,30,5
CS_14,Yolanda,2019-07-12,310,1,30,5
CS_14,Yolanda,2019-07-12,310,1.5,30,5
CS_14,Yolanda,2019-07-12,310,2,30,5
CS_14,Yolanda,2019-07-12,310,2.5,30,5
CS_15,IR & GR,2019-07-12,200,0.5,5,1
CS_15,IR & GR,2019-07-12,200,1,5,1
CS_15,IR & GR,2019-07-12,200,1.5,5,1
CS_15,IR & GR,2019-07-12,200,2,5,1
CS_15,IR & GR,2019-07-12,200,2.5,5,1
CS_15,IR & GR,2019-07-12,200,0.5,10,1
CS_15,IR & GR,2019-07-12,200,1,10,1
CS_15,IR & GR,2019-07-12,200,1.5,10,1
CS_15,IR & GR,2019-07-12,200,2,10,4
CS_15,IR & GR,2019-07-12,200,2.5,10,3
CS_15,IR & GR,2019-07-12,200,0.5,15,3
CS_15,IR & GR,2019-07-12,200,1,15,4
CS_15,IR & GR,2019-07-12,200,1.5,15,4
CS_15,IR & GR,2019-07-12,200,2,15,5
CS_15,IR & GR,2019-07-12,200,2.5,15,5
CS_15,IR & GR,2019-07-12,200,0.5,20,5
CS_15,IR & GR,2019-07-12,200,1,20,5
CS_15,IR & GR,2019-07-12,200,1.5,20,5
CS_15,IR & GR,2019-07-12,200,2,20,5
CS_15,IR & GR,2019-07-12,200,2.5,20,5
CS_15,IR & GR,2019-07-12,200,0.5,25,5
CS_15,IR & GR,2019-07-12,200,1,25,5
CS_15,IR & GR,2019-07-12,200,1.5,25,5
CS_15,IR & GR,2019-07-12,200,2,25,5
CS_15,IR & GR,2019-07-12,200,2.5,25,5
CS_15,IR & GR,2019-07-12,200,0.5,30,5
CS_15,IR & GR,2019-07-12,200,1,30,5
CS_15,IR & GR,2019-07-12,200,1.5,30,5
CS_15,IR & GR,2019-07-12,200,2,30,5
CS_15,IR & GR,2019-07-12,200,2.5,30,5
CS_16,IR & GR,2019-07-12,301,0.5,5,3
CS_16,IR & GR,2019-07-12,301,1,5,4
CS_16,IR & GR,2019-07-12,301,1.5,5,3
CS_16,IR & GR,2019-07-12,301,2,5,3
CS_16,IR & GR,2019-07-12,301,2.5,5,4
CS_16,IR & GR,2019-07-12,301,0.5,10,5
CS_16,IR & GR,2019-07-12,301,1,10,5
CS_16,IR & GR,2019-07-12,301,1.5,10,4
CS_16,IR & GR,2019-07-12,301,2,10,4
CS_16,IR & GR,2019-07-12,301,2.5,10,4
CS_16,IR & GR,2019-07-12,301,0.5,15,5
CS_16,IR & GR,2019-07-12,301,1,15,5
CS_16,IR & GR,2019-07-12,301,1.5,15,5
CS_16,IR & GR,2019-07-12,301,2,15,5
CS_16,IR & GR,2019-07-12,301,2.5,15,5
CS_16,IR & GR,2019-07-12,301,0.5,20,5
CS_16,IR & GR,2019-07-12,301,1,20,5
CS_16,IR & GR,2019-07-12,301,1.5,20,5
CS_16,IR & GR,2019-07-12,301,2,20,5
CS_16,IR & GR,2019-07-12,301,2.5,20,5
CS_16,IR & GR,2019-07-12,301,0.5,25,5
CS_16,IR & GR,2019-07-12,301,1,25,5
CS_16,IR & GR,2019-07-12,301,1.5,25,5
CS_16,IR & GR,2019-07-12,301,2,25,5
CS_16,IR & GR,2019-07-12,301,2.5,25,5
CS_16,IR & GR,2019-07-12,301,0.5,30,5
CS_16,IR & GR,2019-07-12,301,1,30,5
CS_16,IR & GR,2019-07-12,301,1.5,30,5
CS_16,IR & GR,2019-07-12,301,2,30,5
CS_16,IR & GR,2019-07-12,301,2.5,30,5
CS_17,IR & GR,2019-07-12,132,0.5,5,4
CS_17,IR & GR,2019-07-12,132,1,5,3
CS_17,IR & GR,2019-07-12,132,1.5,5,2
CS_17,IR & GR,2019-07-12,132,2,5,3
CS_17,IR & GR,2019-07-12,132,2.5,5,2
CS_17,IR & GR,2019-07-12,132,0.5,10,4
CS_17,IR & GR,2019-07-12,132,1,10,3
CS_17,IR & GR,2019-07-12,132,1.5,10,2
CS_17,IR & GR,2019-07-12,132,2,10,3
CS_17,IR & GR,2019-07-12,132,2.5,10,2
CS_17,IR & GR,2019-07-12,132,0.5,15,5
CS_17,IR & GR,2019-07-12,132,1,15,4
CS_17,IR & GR,2019-07-12,132,1.5,15,5
CS_17,IR & GR,2019-07-12,132,2,15,4
CS_17,IR & GR,2019-07-12,132,2.5,15,3
CS_17,IR & GR,2019-07-12,132,0.5,20,5
CS_17,IR & GR,2019-07-12,132,1,20,5
CS_17,IR & GR,2019-07-12,132,1.5,20,3
CS_17,IR & GR,2019-07-12,132,2,20,4
CS_17,IR & GR,2019-07-12,132,2.5,20,4
CS_17,IR & GR,2019-07-12,132,0.5,25,5
CS_17,IR & GR,2019-07-12,132,1,25,5
CS_17,IR & GR,2019-07-12,132,1.5,25,4
CS_17,IR & GR,2019-07-12,132,2,25,5
CS_17,IR & GR,2019-07-12,132,2.5,25,5
CS_17,IR & GR,2019-07-12,132,0.5,30,5
CS_17,IR & GR,2019-07-12,132,1,30,5
CS_17,IR & GR,2019-07-12,132,1.5,30,5
CS_17,IR & GR,2019-07-12,132,2,30,5
CS_17,IR & GR,2019-07-12,132,2.5,30,5
CS_18,IR & GR,2019-07-19,164,0.5,5,5
CS_18,IR & GR,2019-07-19,164,1,5,4
CS_18,IR & GR,2019-07-19,164,1.5,5,3
CS_18,IR & GR,2019-07-19,164,2,5,4
CS_18,IR & GR,2019-07-19,164,2.5,5,3
CS_18,IR & GR,2019-07-19,164,0.5,10,5
CS_18,IR & GR,2019-07-19,164,1,10,5
CS_18,IR & GR,2019-07-19,164,1.5,10,5
CS_18,IR & GR,2019-07-19,164,2,10,5
CS_18,IR & GR,2019-07-19,164,2.5,10,5
CS_18,IR & GR,2019-07-19,164,0.5,15,5
CS_18,IR & GR,2019-07-19,164,1,15,5
CS_18,IR & GR,2019-07-19,164,1.5,15,5
CS_18,IR & GR,2019-07-19,164,2,15,5
CS_18,IR & GR,2019-07-19,164,2.5,15,5
CS_18,IR & GR,2019-07-19,164,0.5,20,5
CS_18,IR & GR,2019-07-19,164,1,20,5
CS_18,IR & GR,2019-07-19,164,1.5,20,5
CS_18,IR & GR,2019-07-19,164,2,20,5
CS_18,IR & GR,2019-07-19,164,2.5,20,5
CS_18,IR & GR,2019-07-19,164,0.5,25,5
CS_18,IR & GR,2019-07-19,164,1,25,5
CS_18,IR & GR,2019-07-19,164,1.5,25,5
CS_18,IR & GR,2019-07-19,164,2,25,5
CS_18,IR & GR,2019-07-19,164,2.5,25,5
CS_18,IR & GR,2019-07-19,164,0.5,30,5
CS_18,IR & GR,2019-07-19,164,1,30,5
CS_18,IR & GR,2019-07-19,164,1.5,30,5
CS_18,IR & GR,2019-07-19,164,2,30,5
CS_18,IR & GR,2019-07-19,164,2.5,30,5
CS_19,IR & GR,2019-07-17,231,0.5,5,3
CS_19,IR & GR,2019-07-17,231,1,5,4
CS_19,IR & GR,2019-07-17,231,1.5,5,2
CS_19,IR & GR,2019-07-17,231,2,5,2
CS_19,IR & GR,2019-07-17,231,2.5,5,3
CS_19,IR & GR,2019-07-17,231,0.5,10,5
CS_19,IR & GR,2019-07-17,231,1,10,4
CS_19,IR & GR,2019-07-17,231,1.5,10,5
CS_19,IR & GR,2019-07-17,231,2,10,5
CS_19,IR & GR,2019-07-17,231,2.5,10,4
CS_19,IR & GR,2019-07-17,231,0.5,15,5
CS_19,IR & GR,2019-07-17,231,1,15,5
CS_19,IR & GR,2019-07-17,231,1.5,15,5
CS_19,IR & GR,2019-07-17,231,2,15,5
CS_19,IR & GR,2019-07-17,231,2.5,15,4
CS_19,IR & GR,2019-07-17,231,0.5,20,5
CS_19,IR & GR,2019-07-17,231,1,20,5
CS_19,IR & GR,2019-07-17,231,1.5,20,5
CS_19,IR & GR,2019-07-17,231,2,20,5
CS_19,IR & GR,2019-07-17,231,2.5,20,5
CS_19,IR & GR,2019-07-17,231,0.5,25,5
CS_19,IR & GR,2019-07-17,231,1,25,5
CS_19,IR & GR,2019-07-17,231,1.5,25,5
CS_19,IR & GR,2019-07-17,231,2,25,5
CS_19,IR & GR,2019-07-17,231,2.5,25,5
CS_19,IR & GR,2019-07-17,231,0.5,30,5
CS_19,IR & GR,2019-07-17,231,1,30,5
CS_19,IR & GR,2019-07-17,231,1.5,30,5
CS_19,IR & GR,2019-07-17,231,2,30,5
CS_19,IR & GR,2019-07-17,231,2.5,30,5
CS_20,IR & GR,2019-07-24,183,0.5,5,2
CS_20,IR & GR,2019-07-24,183,1,5,4
CS_20,IR & GR,2019-07-24,183,1.5,5,2
CS_20,IR & GR,2019-07-24,183,2,5,4
CS_20,IR & GR,2019-07-24,183,2.5,5,1
CS_20,IR & GR,2019-07-24,183,0.5,10,5
CS_20,IR & GR,2019-07-24,183,1,10,5
CS_20,IR & GR,2019-07-24,183,1.5,10,4
CS_20,IR & GR,2019-07-24,183,2,10,5
CS_20,IR & GR,2019-07-24,183,2.5,10,4
CS_20,IR & GR,2019-07-24,183,0.5,15,5
CS_20,IR & GR,2019-07-24,183,1,15,5
CS_20,IR & GR,2019-07-24,183,1.5,15,5
CS_20,IR & GR,2019-07-24,183,2,15,5
CS_20,IR & GR,2019-07-24,183,2.5,15,5
CS_20,IR & GR,2019-07-24,183,0.5,20,5
CS_20,IR & GR,2019-07-24,183,1,20,5
CS_20,IR & GR,2019-07-24,183,1.5,20,5
CS_20,IR & GR,2019-07-24,183,2,20,5
CS_20,IR & GR,2019-07-24,183,2.5,20,5
CS_20,IR & GR,2019-07-24,183,0.5,25,5
CS_20,IR & GR,2019-07-24,183,1,25,5
CS_20,IR & GR,2019-07-24,183,1.5,25,5
CS_20,IR & GR,2019-07-24,183,2,25,5
CS_20,IR & GR,2019-07-24,183,2.5,25,5
CS_20,IR & GR,2019-07-24,183,0.5,30,5
CS_20,IR & GR,2019-07-24,183,1,30,5
CS_20,IR & GR,2019-07-24,183,1.5,30,5
CS_20,IR & GR,2019-07-24,183,2,30,5
CS_20,IR & GR,2019-07-24,183,2.5,30,5
CS_21,IR & GR,2019-07-22,322,0.5,5,2
CS_21,IR & GR,2019-07-22,322,1,5,2
CS_21,IR & GR,2019-07-22,322,1.5,5,3
CS_21,IR & GR,2019-07-22,322,2,5,4
CS_21,IR & GR,2019-07-22,322,2.5,5,4
CS_21,IR & GR,2019-07-22,322,0.5,10,5
CS_21,IR & GR,2019-07-22,322,1,10,5
CS_21,IR & GR,2019-07-22,322,1.5,10,5
CS_21,IR & GR,2019-07-22,322,2,10,5
CS_21,IR & GR,2019-07-22,322,2.5,10,5
CS_21,IR & GR,2019-07-22,322,0.5,15,5
CS_21,IR & GR,2019-07-22,322,1,15,5
CS_21,IR & GR,2019-07-22,322,1.5,15,5
CS_21,IR & GR,2019-07-22,322,2,15,5
CS_21,IR & GR,2019-07-22,322,2.5,15,5
CS_21,IR & GR,2019-07-22,322,0.5,20,5
CS_21,IR & GR,2019-07-22,322,1,20,5
CS_21,IR & GR,2019-07-22,322,1.5,20,5
CS_21,IR & GR,2019-07-22,322,2,20,5
CS_21,IR & GR,2019-07-22,322,2.5,20,5
CS_21,IR & GR,2019-07-22,322,0.5,25,5
CS_21,IR & GR,2019-07-22,322,1,25,5
CS_21,IR & GR,2019-07-22,322,1.5,25,5
CS_21,IR & GR,2019-07-22,322,2,25,5
CS_21,IR & GR,2019-07-22,322,2.5,25,5
CS_21,IR & GR,2019-07-22,322,0.5,30,5
CS_21,IR & GR,2019-07-22,322,1,30,5
CS_21,IR & GR,2019-07-22,322,1.5,30,5
CS_21,IR & GR,2019-07-22,322,2,30,5
CS_21,IR & GR,2019-07-22,322,2.5,30,5
CS_22,IR & GR,2019-07-15,?,0.5,5,5
CS_22,IR & GR,2019-07-15,?,1,5,5
CS_22,IR & GR,2019-07-15,?,1.5,5,4
CS_22,IR & GR,2019-07-15,?,2,5,4
CS_22,IR & GR,2019-07-15,?,2.5,5,3
CS_22,IR & GR,2019-07-15,?,0.5,10,5
CS_22,IR & GR,2019-07-15,?,1,10,5
CS_22,IR & GR,2019-07-15,?,1.5,10,4
CS_22,IR & GR,2019-07-15,?,2,10,5
CS_22,IR & GR,2019-07-15,?,2.5,10,4
CS_22,IR & GR,2019-07-15,?,0.5,15,5
CS_22,IR & GR,2019-07-15,?,1,15,5
CS_22,IR & GR,2019-07-15,?,1.5,15,5
CS_22,IR & GR,2019-07-15,?,2,15,5
CS_22,IR & GR,2019-07-15,?,2.5,15,5
CS_22,IR & GR,2019-07-15,?,0.5,20,5
CS_22,IR & GR,2019-07-15,?,1,20,5
CS_22,IR & GR,2019-07-15,?,1.5,20,5
CS_22,IR & GR,2019-07-15,?,2,20,5
CS_22,IR & GR,2019-07-15,?,2.5,20,5
CS_22,IR & GR,2019-07-15,?,0.5,25,5
CS_22,IR & GR,2019-07-15,?,1,25,5
CS_22,IR & GR,2019-07-15,?,1.5,25,5
CS_22,IR & GR,2019-07-15,?,2,25,5
CS_22,IR & GR,2019-07-15,?,2.5,25,5
CS_22,IR & GR,2019-07-15,?,0.5,30,5
CS_22,IR & GR,2019-07-15,?,1,30,5
CS_22,IR & GR,2019-07-15,?,1.5,30,5
CS_22,IR & GR,2019-07-15,?,2,30,5
CS_22,IR & GR,2019-07-15,?,2.5,30,5
CS_23,IR & GR,2019-07-26,16,0.5,5,1
CS_23,IR & GR,2019-07-26,16,1,5,1
CS_23,IR & GR,2019-07-26,16,1.5,5,1
CS_23,IR & GR,2019-07-26,16,2,5,1
CS_23,IR & GR,2019-07-26,16,2.5,5,1
CS_23,IR & GR,2019-07-26,16,0.5,10,4
CS_23,IR & GR,2019-07-26,16,1,10,4
CS_23,IR & GR,2019-07-26,16,1.5,10,4
CS_23,IR & GR,2019-07-26,16,2,10,4
CS_23,IR & GR,2019-07-26,16,2.5,10,5
CS_23,IR & GR,2019-07-26,16,0.5,15,4
CS_23,IR & GR,2019-07-26,16,1,15,4
CS_23,IR & GR,2019-07-26,16,1.5,15,4
CS_23,IR & GR,2019-07-26,16,2,15,5
CS_23,IR & GR,2019-07-26,16,2.5,15,5
CS_23,IR & GR,2019-07-26,16,0.5,20,5
CS_23,IR & GR,2019-07-26,16,1,20,5
CS_23,IR & GR,2019-07-26,16,1.5,20,5
CS_23,IR & GR,2019-07-26,16,2,20,5
CS_23,IR & GR,2019-07-26,16,2.5,20,5
CS_23,IR & GR,2019-07-26,16,0.5,25,5
CS_23,IR & GR,2019-07-26,16,1,25,5
CS_23,IR & GR,2019-07-26,16,1.5,25,5
CS_23,IR & GR,2019-07-26,16,2,25,5
CS_23,IR & GR,2019-07-26,16,2.5,25,5
CS_23,IR & GR,2019-07-26,16,0.5,30,5
CS_23,IR & GR,2019-07-26,16,1,30,5
CS_23,IR & GR,2019-07-26,16,1.5,30,5
CS_23,IR & GR,2019-07-26,16,2,30,5
CS_23,IR & GR,2019-07-26,16,2.5,30,5
CS_24,IR & GR,2019-07-22,68,0.5,5,1
CS_24,IR & GR,2019-07-22,68,1,5,1
CS_24,IR & GR,2019-07-22,68,1.5,5,1
CS_24,IR & GR,2019-07-22,68,2,5,2
CS_24,IR & GR,2019-07-22,68,2.5,5,2
CS_24,IR & GR,2019-07-22,68,0.5,10,3
CS_24,IR & GR,2019-07-22,68,1,10,4
CS_24,IR & GR,2019-07-22,68,1.5,10,3
CS_24,IR & GR,2019-07-22,68,2,10,5
CS_24,IR & GR,2019-07-22,68,2.5,10,5
CS_24,IR & GR,2019-07-22,68,0.5,15,5
CS_24,IR & GR,2019-07-22,68,1,15,5
CS_24,IR & GR,2019-07-22,68,1.5,15,4
CS_24,IR & GR,2019-07-22,68,2,15,5
CS_24,IR & GR,2019-07-22,68,2.5,15,4
CS_24,IR & GR,2019-07-22,68,0.5,20,5
CS_24,IR & GR,2019-07-22,68,1,20,5
CS_24,IR & GR,2019-07-22,68,1.5,20,4
CS_24,IR & GR,2019-07-22,68,2,20,5
CS_24,IR & GR,2019-07-22,68,2.5,20,4
CS_24,IR & GR,2019-07-22,68,0.5,25,5
CS_24,IR & GR,2019-07-22,68,1,25,5
CS_24,IR & GR,2019-07-22,68,1.5,25,5
CS_24,IR & GR,2019-07-22,68,2,25,5
CS_24,IR & GR,2019-07-22,68,2.5,25,5
CS_24,IR & GR,2019-07-22,68,0.5,30,5
CS_24,IR & GR,2019-07-22,68,1,30,5
CS_24,IR & GR,2019-07-22,68,1.5,30,5
CS_24,IR & GR,2019-07-22,68,2,30,5
CS_24,IR & GR,2019-07-22,68,2.5,30,5
CS_25,IR & GR,2019-07-16,322,0.5,5,3
CS_25,IR & GR,2019-07-16,322,1,5,4
CS_25,IR & GR,2019-07-16,322,1.5,5,3
CS_25,IR & GR,2019-07-16,322,2,5,1
CS_25,IR & GR,2019-07-16,322,2.5,5,2
CS_25,IR & GR,2019-07-16,322,0.5,10,5
CS_25,IR & GR,2019-07-16,322,1,10,5
CS_25,IR & GR,2019-07-16,322,1.5,10,5
CS_25,IR & GR,2019-07-16,322,2,10,5
CS_25,IR & GR,2019-07-16,322,2.5,10,5
CS_25,IR & GR,2019-07-16,322,0.5,15,5
CS_25,IR & GR,2019-07-16,322,1,15,5
CS_25,IR & GR,2019-07-16,322,1.5,15,5
CS_25,IR & GR,2019-07-16,322,2,15,5
CS_25,IR & GR,2019-07-16,322,2.5,15,5
CS_25,IR & GR,2019-07-16,322,0.5,20,5
CS_25,IR & GR,2019-07-16,322,1,20,5
CS_25,IR & GR,2019-07-16,322,1.5,20,5
CS_25,IR & GR,2019-07-16,322,2,20,5
CS_25,IR & GR,2019-07-16,322,2.5,20,5
CS_25,IR & GR,2019-07-16,322,0.5,25,5
CS_25,IR & GR,2019-07-16,322,1,25,5
CS_25,IR & GR,2019-07-16,322,1.5,25,5
CS_25,IR & GR,2019-07-16,322,2,25,5
CS_25,IR & GR,2019-07-16,322,2.5,25,5
CS_25,IR & GR,2019-07-16,322,0.5,30,5
CS_25,IR & GR,2019-07-16,322,1,30,5
CS_25,IR & GR,2019-07-16,322,1.5,30,5
CS_25,IR & GR,2019-07-16,322,2,30,5
CS_25,IR & GR,2019-07-16,322,2.5,30,5
CS_26,IR & GR,2019-07-25,299,0.5,5,2
CS_26,IR & GR,2019-07-25,299,1,5,2
CS_26,IR & GR,2019-07-25,299,1.5,5,2
CS_26,IR & GR,2019-07-25,299,2,5,4
CS_26,IR & GR,2019-07-25,299,2.5,5,3
CS_26,IR & GR,2019-07-25,299,0.5,10,4
CS_26,IR & GR,2019-07-25,299,1,10,4
CS_26,IR & GR,2019-07-25,299,1.5,10,3
CS_26,IR & GR,2019-07-25,299,2,10,5
CS_26,IR & GR,2019-07-25,299,2.5,10,5
CS_26,IR & GR,2019-07-25,299,0.5,15,5
CS_26,IR & GR,2019-07-25,299,1,15,5
CS_26,IR & GR,2019-07-25,299,1.5,15,5
CS_26,IR & GR,2019-07-25,299,2,15,5
CS_26,IR & GR,2019-07-25,299,2.5,15,5
CS_26,IR & GR,2019-07-25,299,0.5,20,5
CS_26,IR & GR,2019-07-25,299,1,20,5
CS_26,IR & GR,2019-07-25,299,1.5,20,5
CS_26,IR & GR,2019-07-25,299,2,20,5
CS_26,IR & GR,2019-07-25,299,2.5,20,5
CS_26,IR & GR,2019-07-25,299,0.5,25,5
CS_26,IR & GR,2019-07-25,299,1,25,5
CS_26,IR & GR,2019-07-25,299,1.5,25,5
CS_26,IR & GR,2019-07-25,299,2,25,5
CS_26,IR & GR,2019-07-25,299,2.5,25,5
CS_26,IR & GR,2019-07-25,299,0.5,30,5
CS_26,IR & GR,2019-07-25,299,1,30,5
CS_26,IR & GR,2019-07-25,299,1.5,30,5
CS_26,IR & GR,2019-07-25,299,2,30,5
CS_26,IR & GR,2019-07-25,299,2.5,30,5
CS_27,IR & GR,2019-07-21,229,0.5,5,3
CS_27,IR & GR,2019-07-21,229,1,5,3
CS_27,IR & GR,2019-07-21,229,1.5,5,3
CS_27,IR & GR,2019-07-21,229,2,5,5
CS_27,IR & GR,2019-07-21,229,2.5,5,5
CS_27,IR & GR,2019-07-21,229,0.5,10,5
CS_27,IR & GR,2019-07-21,229,1,10,5
CS_27,IR & GR,2019-07-21,229,1.5,10,4
CS_27,IR & GR,2019-07-21,229,2,10,5
CS_27,IR & GR,2019-07-21,229,2.5,10,5
CS_27,IR & GR,2019-07-21,229,0.5,15,5
CS_27,IR & GR,2019-07-21,229,1,15,5
CS_27,IR & GR,2019-07-21,229,1.5,15,5
CS_27,IR & GR,2019-07-21,229,2,15,5
CS_27,IR & GR,2019-07-21,229,2.5,15,5
CS_27,IR & GR,2019-07-21,229,0.5,20,5
CS_27,IR & GR,2019-07-21,229,1,20,5
CS_27,IR & GR,2019-07-21,229,1.5,20,5
CS_27,IR & GR,2019-07-21,229,2,20,5
CS_27,IR & GR,2019-07-21,229,2.5,20,5
CS_27,IR & GR,2019-07-21,229,0.5,25,5
CS_27,IR & GR,2019-07-21,229,1,25,5
CS_27,IR & GR,2019-07-21,229,1.5,25,5
CS_27,IR & GR,2019-07-21,229,2,25,5
CS_27,IR & GR,2019-07-21,229,2.5,25,5
CS_27,IR & GR,2019-07-21,229,0.5,30,5
CS_27,IR & GR,2019-07-21,229,1,30,5
CS_27,IR & GR,2019-07-21,229,1.5,30,5
CS_27,IR & GR,2019-07-21,229,2,30,5
CS_27,IR & GR,2019-07-21,229,2.5,30,5
CS_28,IR & GR,2019-07-28,142,0.5,5,3
CS_28,IR & GR,2019-07-28,142,1,5,5
CS_28,IR & GR,2019-07-28,142,1.5,5,4
CS_28,IR & GR,2019-07-28,142,2,5,3
CS_28,IR & GR,2019-07-28,142,2.5,5,1
CS_28,IR & GR,2019-07-28,142,0.5,10,5
CS_28,IR & GR,2019-07-28,142,1,10,5
CS_28,IR & GR,2019-07-28,142,1.5,10,4
CS_28,IR & GR,2019-07-28,142,2,10,5
CS_28,IR & GR,2019-07-28,142,2.5,10,3
CS_28,IR & GR,2019-07-28,142,0.5,15,5
CS_28,IR & GR,2019-07-28,142,1,15,5
CS_28,IR & GR,2019-07-28,142,1.5,15,5
CS_28,IR & GR,2019-07-28,142,2,15,5
CS_28,IR & GR,2019-07-28,142,2.5,15,4
CS_28,IR & GR,2019-07-28,142,0.5,20,5
CS_28,IR & GR,2019-07-28,142,1,20,5
CS_28,IR & GR,2019-07-28,142,1.5,20,5
CS_28,IR & GR,2019-07-28,142,2,20,5
CS_28,IR & GR,2019-07-28,142,2.5,20,5
CS_28,IR & GR,2019-07-28,142,0.5,25,5
CS_28,IR & GR,2019-07-28,142,1,25,5
CS_28,IR & GR,2019-07-28,142,1.5,25,5
CS_28,IR & GR,2019-07-28,142,2,25,5
CS_28,IR & GR,2019-07-28,142,2.5,25,5
CS_28,IR & GR,2019-07-28,142,0.5,30,5
CS_28,IR & GR,2019-07-28,142,1,30,5
CS_28,IR & GR,2019-07-28,142,1.5,30,5
CS_28,IR & GR,2019-07-28,142,2,30,5
CS_28,IR & GR,2019-07-28,142,2.5,30,5
CS_29,YW & AM,2019-07-13,290,0.5,5,1
CS_29,YW & AM,2019-07-13,290,1,5,1
CS_29,YW & AM,2019-07-13,290,1.5,5,1
CS_29,YW & AM,2019-07-13,290,2,5,1
CS_29,YW & AM,2019-07-13,290,2.5,5,1
CS_29,YW & AM,2019-07-13,290,0.5,10,1
CS_29,YW & AM,2019-07-13,290,1,10,1
CS_29,YW & AM,2019-07-13,290,1.5,10,1
CS_29,YW & AM,2019-07-13,290,2,10,1
CS_29,YW & AM,2019-07-13,290,2.5,10,1
CS_29,YW & AM,2019-07-13,290,0.5,15,1
CS_29,YW & AM,2019-07-13,290,1,15,1
CS_29,YW & AM,2019-07-13,290,1.5,15,1
CS_29,YW & AM,2019-07-13,290,2,15,2
CS_29,YW & AM,2019-07-13,290,2.5,15,2
CS_29,YW & AM,2019-07-13,290,0.5,20,3
CS_29,YW & AM,2019-07-13,290,1,20,1
CS_29,YW & AM,2019-07-13,290,1.5,20,1
CS_29,YW & AM,2019-07-13,290,2,20,4
CS_29,YW & AM,2019-07-13,290,2.5,20,2
CS_29,YW & AM,2019-07-13,290,0.5,25,5
CS_29,YW & AM,2019-07-13,290,1,25,5
CS_29,YW & AM,2019-07-13,290,1.5,25,5
CS_29,YW & AM,2019-07-13,290,2,25,5
CS_29,YW & AM,2019-07-13,290,2.5,25,5
CS_29,YW & AM,2019-07-13,290,0.5,30,5
CS_29,YW & AM,2019-07-13,290,1,30,5
CS_29,YW & AM,2019-07-13,290,1.5,30,5
CS_29,YW & AM,2019-07-13,290,2,30,5
CS_29,YW & AM,2019-07-13,290,2.5,30,5
CS_30,IR & GR,2019-07-30,226,0.5,5,1
CS_30,IR & GR,2019-07-30,226,1,5,1
CS_30,IR & GR,2019-07-30,226,1.5,5,1
CS_30,IR & GR,2019-07-30,226,2,5,2
CS_30,IR & GR,2019-07-30,226,2.5,5,2
CS_30,IR & GR,2019-07-30,226,0.5,10,3
CS_30,IR & GR,2019-07-30,226,1,10,3
CS_30,IR & GR,2019-07-30,226,1.5,10,4
CS_30,IR & GR,2019-07-30,226,2,10,4
CS_30,IR & GR,2019-07-30,226,2.5,10,4
CS_30,IR & GR,2019-07-30,226,0.5,15,5
CS_30,IR & GR,2019-07-30,226,1,15,5
CS_30,IR & GR,2019-07-30,226,1.5,15,5
CS_30,IR & GR,2019-07-30,226,2,15,5
CS_30,IR & GR,2019-07-30,226,2.5,15,5
CS_30,IR & GR,2019-07-30,226,0.5,20,5
CS_30,IR & GR,2019-07-30,226,1,20,5
CS_30,IR & GR,2019-07-30,226,1.5,20,5
CS_30,IR & GR,2019-07-30,226,2,20,5
CS_30,IR & GR,2019-07-30,226,2.5,20,5
CS_30,IR & GR,2019-07-30,226,0.5,25,5
CS_30,IR & GR,2019-07-30,226,1,25,5
CS_30,IR & GR,2019-07-30,226,1.5,25,5
CS_30,IR & GR,2019-07-30,226,2,25,5
CS_30,IR & GR,2019-07-30,226,2.5,25,5
CS_30,IR & GR,2019-07-30,226,0.5,30,5
CS_30,IR & GR,2019-07-30,226,1,30,5
CS_30,IR & GR,2019-07-30,226,1.5,30,5
CS_30,IR & GR,2019-07-30,226,2,30,5
CS_30,IR & GR,2019-07-30,226,2.5,30,5
CS_31,IR & GR,2019-07-20,164,0.5,5,1
CS_31,IR & GR,2019-07-20,164,1,5,2
CS_31,IR & GR,2019-07-20,164,1.5,5,3
CS_31,IR & GR,2019-07-20,164,2,5,2
CS_31,IR & GR,2019-07-20,164,2.5,5,1
CS_31,IR & GR,2019-07-20,164,0.5,10,3
CS_31,IR & GR,2019-07-20,164,1,10,5
CS_31,IR & GR,2019-07-20,164,1.5,10,5
CS_31,IR & GR,2019-07-20,164,2,10,5
CS_31,IR & GR,2019-07-20,164,2.5,10,4
CS_31,IR & GR,2019-07-20,164,0.5,15,5
CS_31,IR & GR,2019-07-20,164,1,15,5
CS_31,IR & GR,2019-07-20,164,1.5,15,4
CS_31,IR & GR,2019-07-20,164,2,15,5
CS_31,IR & GR,2019-07-20,164,2.5,15,4
CS_31,IR & GR,2019-07-20,164,0.5,20,5
CS_31,IR & GR,2019-07-20,164,1,20,5
CS_31,IR & GR,2019-07-20,164,1.5,20,5
CS_31,IR & GR,2019-07-20,164,2,20,5
CS_31,IR & GR,2019-07-20,164,2.5,20,5
CS_31,IR & GR,2019-07-20,164,0.5,25,5
CS_31,IR & GR,2019-07-20,164,1,25,5
CS_31,IR & GR,2019-07-20,164,1.5,25,5
CS_31,IR & GR,2019-07-20,164,2,25,5
CS_31,IR & GR,2019-07-20,164,2.5,25,5
CS_31,IR & GR,2019-07-20,164,0.5,30,5
CS_31,IR & GR,2019-07-20,164,1,30,5
CS_31,IR & GR,2019-07-20,164,1.5,30,5
CS_31,IR & GR,2019-07-20,164,2,30,5
CS_31,IR & GR,2019-07-20,164,2.5,30,5
CS_32,IR & GR,2019-07-27,223,0.5,5,1
CS_32,IR & GR,2019-07-27,223,1,5,1
CS_32,IR & GR,2019-07-27,223,1.5,5,1
CS_32,IR & GR,2019-07-27,223,2,5,1
CS_32,IR & GR,2019-07-27,223,2.5,5,1
CS_32,IR & GR,2019-07-27,223,0.5,10,2
CS_32,IR & GR,2019-07-27,223,1,10,3
CS_32,IR & GR,2019-07-27,223,1.5,10,3
CS_32,IR & GR,2019-07-27,223,2,10,4
CS_32,IR & GR,2019-07-27,223,2.5,10,4
CS_32,IR & GR,2019-07-27,223,0.5,15,4
CS_32,IR & GR,2019-07-27,223,1,15,4
CS_32,IR & GR,2019-07-27,223,1.5,15,4
CS_32,IR & GR,2019-07-27,223,2,15,5
CS_32,IR & GR,2019-07-27,223,2.5,15,5
CS_32,IR & GR,2019-07-27,223,0.5,20,5
CS_32,IR & GR,2019-07-27,223,1,20,5
CS_32,IR & GR,2019-07-27,223,1.5,20,5
CS_32,IR & GR,2019-07-27,223,2,20,5
CS_32,IR & GR,2019-07-27,223,2.5,20,5
CS_32,IR & GR,2019-07-27,223,0.5,25,5
CS_32,IR & GR,2019-07-27,223,1,25,5
CS_32,IR & GR,2019-07-27,223,1.5,25,5
CS_32,IR & GR,2019-07-27,223,2,25,5
CS_32,IR & GR,2019-07-27,223,2.5,25,5
CS_32,IR & GR,2019-07-27,223,0.5,30,5
CS_32,IR & GR,2019-07-27,223,1,30,5
CS_32,IR & GR,2019-07-27,223,1.5,30,5
CS_32,IR & GR,2019-07-27,223,2,30,5
CS_32,IR & GR,2019-07-27,223,2.5,30,5
CS_33,IR & GR,2019-07-16,250,0.5,5,3
CS_33,IR & GR,2019-07-16,250,1,5,3
CS_33,IR & GR,2019-07-16,250,1.5,5,3
CS_33,IR & GR,2019-07-16,250,2,5,4
CS_33,IR & GR,2019-07-16,250,2.5,5,5
CS_33,IR & GR,2019-07-16,250,0.5,10,5
CS_33,IR & GR,2019-07-16,250,1,10,5
CS_33,IR & GR,2019-07-16,250,1.5,10,5
CS_33,IR & GR,2019-07-16,250,2,10,5
CS_33,IR & GR,2019-07-16,250,2.5,10,5
CS_33,IR & GR,2019-07-16,250,0.5,15,5
CS_33,IR & GR,2019-07-16,250,1,15,5
CS_33,IR & GR,2019-07-16,250,1.5,15,5
CS_33,IR & GR,2019-07-16,250,2,15,5
CS_33,IR & GR,2019-07-16,250,2.5,15,5
CS_33,IR & GR,2019-07-16,250,0.5,20,5
CS_33,IR & GR,2019-07-16,250,1,20,5
CS_33,IR & GR,2019-07-16,250,1.5,20,5
CS_33,IR & GR,2019-07-16,250,2,20,5
CS_33,IR & GR,2019-07-16,250,2.5,20,5
CS_33,IR & GR,2019-07-16,250,0.5,25,5
CS_33,IR & GR,2019-07-16,250,1,25,5
CS_33,IR & GR,2019-07-16,250,1.5,25,5
CS_33,IR & GR,2019-07-16,250,2,25,5
CS_33,IR & GR,2019-07-16,250,2.5,25,5
CS_33,IR & GR,2019-07-16,250,0.5,30,5
CS_33,IR & GR,2019-07-16,250,1,30,5
CS_33,IR & GR,2019-07-16,250,1.5,30,5
CS_33,IR & GR,2019-07-16,250,2,30,5
CS_33,IR & GR,2019-07-16,250,2.5,30,5
CS_34,IR & GR,2019-07-13,308,0.5,5,1
CS_34,IR & GR,2019-07-13,308,1,5,1
CS_34,IR & GR,2019-07-13,308,1.5,5,1
CS_34,IR & GR,2019-07-13,308,2,5,1
CS_34,IR & GR,2019-07-13,308,2.5,5,1
CS_34,IR & GR,2019-07-13,308,0.5,10,1
CS_34,IR & GR,2019-07-13,308,1,10,1
CS_34,IR & GR,2019-07-13,308,1.5,10,2
CS_34,IR & GR,2019-07-13,308,2,10,2
CS_34,IR & GR,2019-07-13,308,2.5,10,3
CS_34,IR & GR,2019-07-13,308,0.5,15,3
CS_34,IR & GR,2019-07-13,308,1,15,5
CS_34,IR & GR,2019-07-13,308,1.5,15,4
CS_34,IR & GR,2019-07-13,308,2,15,5
CS_34,IR & GR,2019-07-13,308,2.5,15,4
CS_34,IR & GR,2019-07-13,308,0.5,20,5
CS_34,IR & GR,2019-07-13,308,1,20,5
CS_34,IR & GR,2019-07-13,308,1.5,20,5
CS_34,IR & GR,2019-07-13,308,2,20,5
CS_34,IR & GR,2019-07-13,308,2.5,20,5
CS_34,IR & GR,2019-07-13,308,0.5,25,5
CS_34,IR & GR,2019-07-13,308,1,25,5
CS_34,IR & GR,2019-07-13,308,1.5,25,5
CS_34,IR & GR,2019-07-13,308,2,25,5
CS_34,IR & GR,2019-07-13,308,2.5,25,5
CS_34,IR & GR,2019-07-13,308,0.5,30,5
CS_34,IR & GR,2019-07-13,308,1,30,5
CS_34,IR & GR,2019-07-13,308,1.5,30,5
CS_34,IR & GR,2019-07-13,308,2,30,5
CS_34,IR & GR,2019-07-13,308,2.5,30,5
CS_35,IR & GR,2019-07-29,353,0.5,5,1
CS_35,IR & GR,2019-07-29,353,1,5,1
CS_35,IR & GR,2019-07-29,353,1.5,5,1
CS_35,IR & GR,2019-07-29,353,2,5,1
CS_35,IR & GR,2019-07-29,353,2.5,5,1
CS_35,IR & GR,2019-07-29,353,0.5,10,2
CS_35,IR & GR,2019-07-29,353,1,10,3
CS_35,IR & GR,2019-07-29,353,1.5,10,2
CS_35,IR & GR,2019-07-29,353,2,10,2
CS_35,IR & GR,2019-07-29,353,2.5,10,4
CS_35,IR & GR,2019-07-29,353,0.5,15,3
CS_35,IR & GR,2019-07-29,353,1,15,3
CS_35,IR & GR,2019-07-29,353,1.5,15,3
CS_35,IR & GR,2019-07-29,353,2,15,4
CS_35,IR & GR,2019-07-29,353,2.5,15,5
CS_35,IR & GR,2019-07-29,353,0.5,20,5
CS_35,IR & GR,2019-07-29,353,1,20,5
CS_35,IR & GR,2019-07-29,353,1.5,20,5
CS_35,IR & GR,2019-07-29,353,2,20,5
CS_35,IR & GR,2019-07-29,353,2.5,20,5
CS_35,IR & GR,2019-07-29,353,0.5,25,5
CS_35,IR & GR,2019-07-29,353,1,25,5
CS_35,IR & GR,2019-07-29,353,1.5,25,5
CS_35,IR & GR,2019-07-29,353,2,25,5
CS_35,IR & GR,2019-07-29,353,2.5,25,5
CS_35,IR & GR,2019-07-29,353,0.5,30,5
CS_35,IR & GR,2019-07-29,353,1,30,5
CS_35,IR & GR,2019-07-29,353,1.5,30,5
CS_35,IR & GR,2019-07-29,353,2,30,5
CS_35,IR & GR,2019-07-29,353,2.5,30,5
CS_36,IR & GR,2019-07-14,56,0.5,5,1
CS_36,IR & GR,2019-07-14,56,1,5,1
CS_36,IR & GR,2019-07-14,56,1.5,5,1
CS_36,IR & GR,2019-07-14,56,2,5,1
CS_36,IR & GR,2019-07-14,56,2.5,5,1
CS_36,IR & GR,2019-07-14,56,0.5,10,2
CS_36,IR & GR,2019-07-14,56,1,10,3
CS_36,IR & GR,2019-07-14,56,1.5,10,3
CS_36,IR & GR,2019-07-14,56,2,10,5
CS_36,IR & GR,2019-07-14,56,2.5,10,4
CS_36,IR & GR,2019-07-14,56,0.5,15,3
CS_36,IR & GR,2019-07-14,56,1,15,3
CS_36,IR & GR,2019-07-14,56,1.5,15,3
CS_36,IR & GR,2019-07-14,56,2,15,5
CS_36,IR & GR,2019-07-14,56,2.5,15,5
CS_36,IR & GR,2019-07-14,56,0.5,20,5
CS_36,IR & GR,2019-07-14,56,1,20,5
CS_36,IR & GR,2019-07-14,56,1.5,20,5
CS_36,IR & GR,2019-07-14,56,2,20,5
CS_36,IR & GR,2019-07-14,56,2.5,20,5
CS_36,IR & GR,2019-07-14,56,0.5,25,5
CS_36,IR & GR,2019-07-14,56,1,25,5
CS_36,IR & GR,2019-07-14,56,1.5,25,5
CS_36,IR & GR,2019-07-14,56,2,25,5
CS_36,IR & GR,2019-07-14,56,2.5,25,5
CS_36,IR & GR,2019-07-14,56,0.5,30,5
CS_36,IR & GR,2019-07-14,56,1,30,5
CS_36,IR & GR,2019-07-14,56,1.5,30,5
CS_36,IR & GR,2019-07-14,56,2,30,5
CS_36,IR & GR,2019-07-14,170 ish?,2.5,30,5
CS_37,IR & GR,2019-07-25,171 ish?,0.5,5,2
CS_37,IR & GR,2019-07-25,172 ish?,1,5,2
CS_37,IR & GR,2019-07-25,173 ish?,1.5,5,1
CS_37,IR & GR,2019-07-25,174 ish?,2,5,1
CS_37,IR & GR,2019-07-25,175 ish?,2.5,5,1
CS_37,IR & GR,2019-07-25,176 ish?,0.5,10,5
CS_37,IR & GR,2019-07-25,177 ish?,1,10,5
CS_37,IR & GR,2019-07-25,178 ish?,1.5,10,4
CS_37,IR & GR,2019-07-25,179 ish?,2,10,3
CS_37,IR & GR,2019-07-25,180 ish?,2.5,10,1
CS_37,IR & GR,2019-07-25,181 ish?,0.5,15,5
CS_37,IR & GR,2019-07-25,182 ish?,1,15,5
CS_37,IR & GR,2019-07-25,183 ish?,1.5,15,4
CS_37,IR & GR,2019-07-25,184 ish?,2,15,4
CS_37,IR & GR,2019-07-25,185 ish?,2.5,15,1
CS_37,IR & GR,2019-07-25,186 ish?,0.5,20,5
CS_37,IR & GR,2019-07-25,187 ish?,1,20,5
CS_37,IR & GR,2019-07-25,188 ish?,1.5,20,5
CS_37,IR & GR,2019-07-25,189 ish?,2,20,4
CS_37,IR & GR,2019-07-25,190 ish?,2.5,20,1
CS_37,IR & GR,2019-07-25,191 ish?,0.5,25,5
CS_37,IR & GR,2019-07-25,192 ish?,1,25,5
CS_37,IR & GR,2019-07-25,193 ish?,1.5,25,5
CS_37,IR & GR,2019-07-25,194 ish?,2,25,5
CS_37,IR & GR,2019-07-25,195 ish?,2.5,25,5
CS_37,IR & GR,2019-07-25,196 ish?,0.5,30,5
CS_37,IR & GR,2019-07-25,197 ish?,1,30,5
CS_37,IR & GR,2019-07-25,198 ish?,1.5,30,5
CS_37,IR & GR,2019-07-25,199 ish?,2,30,5
CS_37,IR & GR,2019-07-25,200 ish?,2.5,30,5
CS_38,IR & GR,2019-07-22,225,0.5,5,2
CS_38,IR & GR,2019-07-22,225,1,5,2
CS_38,IR & GR,2019-07-22,225,1.5,5,1
CS_38,IR & GR,2019-07-22,225,2,5,1
CS_38,IR & GR,2019-07-22,225,2.5,5,1
CS_38,IR & GR,2019-07-22,225,0.5,10,5
CS_38,IR & GR,2019-07-22,225,1,10,5
CS_38,IR & GR,2019-07-22,225,1.5,10,4
CS_38,IR & GR,2019-07-22,225,2,10,3
CS_38,IR & GR,2019-07-22,225,2.5,10,1
CS_38,IR & GR,2019-07-22,225,0.5,15,5
CS_38,IR & GR,2019-07-22,225,1,15,5
CS_38,IR & GR,2019-07-22,225,1.5,15,4
CS_38,IR & GR,2019-07-22,225,2,15,4
CS_38,IR & GR,2019-07-22,225,2.5,15,1
CS_38,IR & GR,2019-07-22,225,0.5,20,5
CS_38,IR & GR,2019-07-22,225,1,20,5
CS_38,IR & GR,2019-07-22,225,1.5,20,5
CS_38,IR & GR,2019-07-22,225,2,20,4
CS_38,IR & GR,2019-07-22,225,2.5,20,1
CS_38,IR & GR,2019-07-22,225,0.5,25,5
CS_38,IR & GR,2019-07-22,225,1,25,5
CS_38,IR & GR,2019-07-22,225,1.5,25,5
CS_38,IR & GR,2019-07-22,225,2,25,5
CS_38,IR & GR,2019-07-22,225,2.5,25,5
CS_38,IR & GR,2019-07-22,225,0.5,30,5
CS_38,IR & GR,2019-07-22,225,1,30,5
CS_38,IR & GR,2019-07-22,225,1.5,30,5
CS_38,IR & GR,2019-07-22,225,2,30,5
CS_38,IR & GR,2019-07-22,225,2.5,30,5
CS_39,IR & GR,2019-07-24,218,0.5,5,1
CS_39,IR & GR,2019-07-24,218,1,5,1
CS_39,IR & GR,2019-07-24,218,1.5,5,1
CS_39,IR & GR,2019-07-24,218,2,5,1
CS_39,IR & GR,2019-07-24,218,2.5,5,1
CS_39,IR & GR,2019-07-24,218,0.5,10,2
CS_39,IR & GR,2019-07-24,218,1,10,2
CS_39,IR & GR,2019-07-24,218,1.5,10,4
CS_39,IR & GR,2019-07-24,218,2,10,5
CS_39,IR & GR,2019-07-24,218,2.5,10,5
CS_39,IR & GR,2019-07-24,218,0.5,15,5
CS_39,IR & GR,2019-07-24,218,1,15,5
CS_39,IR & GR,2019-07-24,218,1.5,15,5
CS_39,IR & GR,2019-07-24,218,2,15,5
CS_39,IR & GR,2019-07-24,218,2.5,15,5
CS_39,IR & GR,2019-07-24,218,0.5,20,5
CS_39,IR & GR,2019-07-24,218,1,20,5
CS_39,IR & GR,2019-07-24,218,1.5,20,5
CS_39,IR & GR,2019-07-24,218,2,20,5
CS_39,IR & GR,2019-07-24,218,2.5,20,5
CS_39,IR & GR,2019-07-24,218,0.5,25,5
CS_39,IR & GR,2019-07-24,218,1,25,5
CS_39,IR & GR,2019-07-24,218,1.5,25,5
CS_39,IR & GR,2019-07-24,218,2,25,5
CS_39,IR & GR,2019-07-24,218,2.5,25,5
CS_39,IR & GR,2019-07-24,218,0.5,30,5
CS_39,IR & GR,2019-07-24,218,1,30,5
CS_39,IR & GR,2019-07-24,218,1.5,30,5
CS_39,IR & GR,2019-07-24,218,2,30,5
CS_39,IR & GR,2019-07-24,218,2.5,30,5
CS_40,IR & GR,2019-07-17,224,0.5,5,1
CS_40,IR & GR,2019-07-17,224,1,5,1
CS_40,IR & GR,2019-07-17,224,1.5,5,1
CS_40,IR & GR,2019-07-17,224,2,5,1
CS_40,IR & GR,2019-07-17,224,2.5,5,3
CS_40,IR & GR,2019-07-17,224,0.5,10,2
CS_40,IR & GR,2019-07-17,224,1,10,3
CS_40,IR & GR,2019-07-17,224,1.5,10,3
CS_40,IR & GR,2019-07-17,224,2,10,4
CS_40,IR & GR,2019-07-17,224,2.5,10,4
CS_40,IR & GR,2019-07-17,224,0.5,15,5
CS_40,IR & GR,2019-07-17,224,1,15,5
CS_40,IR & GR,2019-07-17,224,1.5,15,5
CS_40,IR & GR,2019-07-17,224,2,15,5
CS_40,IR & GR,2019-07-17,224,2.5,15,5
CS_40,IR & GR,2019-07-17,224,0.5,20,5
CS_40,IR & GR,2019-07-17,224,1,20,5
CS_40,IR & GR,2019-07-17,224,1.5,20,5
CS_40,IR & GR,2019-07-17,224,2,20,5
CS_40,IR & GR,2019-07-17,224,2.5,20,5
CS_40,IR & GR,2019-07-17,224,0.5,25,5
CS_40,IR & GR,2019-07-17,224,1,25,5
CS_40,IR & GR,2019-07-17,224,1.5,25,5
CS_40,IR & GR,2019-07-17,224,2,25,5
CS_40,IR & GR,2019-07-17,224,2.5,25,5
CS_40,IR & GR,2019-07-17,224,0.5,30,5
CS_40,IR & GR,2019-07-17,224,1,30,5
CS_40,IR & GR,2019-07-17,224,1.5,30,5
CS_40,IR & GR,2019-07-17,224,2,30,5
CS_40,IR & GR,2019-07-17,224,2.5,30,5
CS_41,IR & GR,2019-07-28,50,0.5,5,2
CS_41,IR & GR,2019-07-28,50,1,5,3
CS_41,IR & GR,2019-07-28,50,1.5,5,4
CS_41,IR & GR,2019-07-28,50,2,5,4
CS_41,IR & GR,2019-07-28,50,2.5,5,3
CS_41,IR & GR,2019-07-28,50,0.5,10,5
CS_41,IR & GR,2019-07-28,50,1,10,5
CS_41,IR & GR,2019-07-28,50,1.5,10,5
CS_41,IR & GR,2019-07-28,50,2,10,5
CS_41,IR & GR,2019-07-28,50,2.5,10,4
CS_41,IR & GR,2019-07-28,50,0.5,15,5
CS_41,IR & GR,2019-07-28,50,1,15,5
CS_41,IR & GR,2019-07-28,50,1.5,15,5
CS_41,IR & GR,2019-07-28,50,2,15,5
CS_41,IR & GR,2019-07-28,50,2.5,15,5
CS_41,IR & GR,2019-07-28,50,0.5,20,5
CS_41,IR & GR,2019-07-28,50,1,20,5
CS_41,IR & GR,2019-07-28,50,1.5,20,5
CS_41,IR & GR,2019-07-28,50,2,20,5
CS_41,IR & GR,2019-07-28,50,2.5,20,5
CS_41,IR & GR,2019-07-28,50,0.5,25,5
CS_41,IR & GR,2019-07-28,50,1,25,5
CS_41,IR & GR,2019-07-28,50,1.5,25,5
CS_41,IR & GR,2019-07-28,50,2,25,5
CS_41,IR & GR,2019-07-28,50,2.5,25,5
CS_41,IR & GR,2019-07-28,50,0.5,30,5
CS_41,IR & GR,2019-07-28,50,1,30,5
CS_41,IR & GR,2019-07-28,50,1.5,30,5
CS_41,IR & GR,2019-07-28,50,2,30,5
CS_41,IR & GR,2019-07-28,50,2.5,30,5
CS_42,IR & GR,2019-07-13,252,0.5,5,1
CS_42,IR & GR,2019-07-13,252,1,5,1
CS_42,IR & GR,2019-07-13,252,1.5,5,1
CS_42,IR & GR,2019-07-13,252,2,5,1
CS_42,IR & GR,2019-07-13,252,2.5,5,1
CS_42,IR & GR,2019-07-13,252,0.5,10,1
CS_42,IR & GR,2019-07-13,252,1,10,1
CS_42,IR & GR,2019-07-13,252,1.5,10,1
CS_42,IR & GR,2019-07-13,252,2,10,1
CS_42,IR & GR,2019-07-13,252,2.5,10,2
CS_42,IR & GR,2019-07-13,252,0.5,15,1
CS_42,IR & GR,2019-07-13,252,1,15,2
CS_42,IR & GR,2019-07-13,252,1.5,15,1
CS_42,IR & GR,2019-07-13,252,2,15,3
CS_42,IR & GR,2019-07-13,252,2.5,15,3
CS_42,IR & GR,2019-07-13,252,0.5,20,4
CS_42,IR & GR,2019-07-13,252,1,20,4
CS_42,IR & GR,2019-07-13,252,1.5,20,3
CS_42,IR & GR,2019-07-13,252,2,20,5
CS_42,IR & GR,2019-07-13,252,2.5,20,4
CS_42,IR & GR,2019-07-13,252,0.5,25,5
CS_42,IR & GR,2019-07-13,252,1,25,5
CS_42,IR & GR,2019-07-13,252,1.5,25,5
CS_42,IR & GR,2019-07-13,252,2,25,5
CS_42,IR & GR,2019-07-13,252,2.5,25,5
CS_42,IR & GR,2019-07-13,252,0.5,30,5
CS_42,IR & GR,2019-07-13,252,1,30,5
CS_42,IR & GR,2019-07-13,252,1.5,30,5
CS_42,IR & GR,2019-07-13,252,2,30,5
CS_42,IR & GR,2019-07-13,252,2.5,30,5
CS_43,IR & GR,2019-07-26,211,0.5,5,2
CS_43,IR & GR,2019-07-26,211,1,5,3
CS_43,IR & GR,2019-07-26,211,1.5,5,3
CS_43,IR & GR,2019-07-26,211,2,5,3
CS_43,IR & GR,2019-07-26,211,2.5,5,3
CS_43,IR & GR,2019-07-26,211,0.5,10,5
CS_43,IR & GR,2019-07-26,211,1,10,5
CS_43,IR & GR,2019-07-26,211,1.5,10,4
CS_43,IR & GR,2019-07-26,211,2,10,5
CS_43,IR & GR,2019-07-26,211,2.5,10,5
CS_43,IR & GR,2019-07-26,211,0.5,15,5
CS_43,IR & GR,2019-07-26,211,1,15,5
CS_43,IR & GR,2019-07-26,211,1.5,15,5
CS_43,IR & GR,2019-07-26,211,2,15,5
CS_43,IR & GR,2019-07-26,211,2.5,15,5
CS_43,IR & GR,2019-07-26,211,0.5,20,5
CS_43,IR & GR,2019-07-26,211,1,20,5
CS_43,IR & GR,2019-07-26,211,1.5,20,5
CS_43,IR & GR,2019-07-26,211,2,20,5
CS_43,IR & GR,2019-07-26,211,2.5,20,5
CS_43,IR & GR,2019-07-26,211,0.5,25,5
CS_43,IR & GR,2019-07-26,211,1,25,5
CS_43,IR & GR,2019-07-26,211,1.5,25,5
CS_43,IR & GR,2019-07-26,211,2,25,5
CS_43,IR & GR,2019-07-26,211,2.5,25,5
CS_43,IR & GR,2019-07-26,211,0.5,30,5
CS_43,IR & GR,2019-07-26,211,1,30,5
CS_43,IR & GR,2019-07-26,211,1.5,30,5
CS_43,IR & GR,2019-07-26,211,2,30,5
CS_43,IR & GR,2019-07-26,211,2.5,30,5
CS_44,IR & GR,2019-07-23,151,0.5,5,2
CS_44,IR & GR,2019-07-23,151,1,5,2
CS_44,IR & GR,2019-07-23,151,1.5,5,1
CS_44,IR & GR,2019-07-23,151,2,5,2
CS_44,IR & GR,2019-07-23,151,2.5,5,1
CS_44,IR & GR,2019-07-23,151,0.5,10,2
CS_44,IR & GR,2019-07-23,151,1,10,3
CS_44,IR & GR,2019-07-23,151,1.5,10,2
CS_44,IR & GR,2019-07-23,151,2,10,2
CS_44,IR & GR,2019-07-23,151,2.5,10,4
CS_44,IR & GR,2019-07-23,151,0.5,15,2
CS_44,IR & GR,2019-07-23,151,1,15,3
CS_44,IR & GR,2019-07-23,151,1.5,15,3
CS_44,IR & GR,2019-07-23,151,2,15,5
CS_44,IR & GR,2019-07-23,151,2.5,15,5
CS_44,IR & GR,2019-07-23,151,0.5,20,4
CS_44,IR & GR,2019-07-23,151,1,20,4
CS_44,IR & GR,2019-07-23,151,1.5,20,5
CS_44,IR & GR,2019-07-23,151,2,20,5
CS_44,IR & GR,2019-07-23,151,2.5,20,5
CS_44,IR & GR,2019-07-23,151,0.5,25,5
CS_44,IR & GR,2019-07-23,151,1,25,5
CS_44,IR & GR,2019-07-23,151,1.5,25,5
CS_44,IR & GR,2019-07-23,151,2,25,5
CS_44,IR & GR,2019-07-23,151,2.5,25,5
CS_44,IR & GR,2019-07-23,151,0.5,30,5
CS_44,IR & GR,2019-07-23,151,1,30,5
CS_44,IR & GR,2019-07-23,151,1.5,30,5
CS_44,IR & GR,2019-07-23,151,2,30,5
CS_44,IR & GR,2019-07-23,151,2.5,30,5
CS_45,IR & GR,2019-07-19,56,0.5,5,2
CS_45,IR & GR,2019-07-19,56,1,5,1
CS_45,IR & GR,2019-07-19,56,1.5,5,1
CS_45,IR & GR,2019-07-19,56,2,5,1
CS_45,IR & GR,2019-07-19,56,2.5,5,1
CS_45,IR & GR,2019-07-19,56,0.5,10,2
CS_45,IR & GR,2019-07-19,56,1,10,5
CS_45,IR & GR,2019-07-19,56,1.5,10,5
CS_45,IR & GR,2019-07-19,56,2,10,5
CS_45,IR & GR,2019-07-19,56,2.5,10,5
CS_45,IR & GR,2019-07-19,56,0.5,15,5
CS_45,IR & GR,2019-07-19,56,1,15,5
CS_45,IR & GR,2019-07-19,56,1.5,15,5
CS_45,IR & GR,2019-07-19,56,2,15,5
CS_45,IR & GR,2019-07-19,56,2.5,15,5
CS_45,IR & GR,2019-07-19,56,0.5,20,5
CS_45,IR & GR,2019-07-19,56,1,20,5
CS_45,IR & GR,2019-07-19,56,1.5,20,5
CS_45,IR & GR,2019-07-19,56,2,20,5
CS_45,IR & GR,2019-07-19,56,2.5,20,5
CS_45,IR & GR,2019-07-19,56,0.5,25,5
CS_45,IR & GR,2019-07-19,56,1,25,5
CS_45,IR & GR,2019-07-19,56,1.5,25,5
CS_45,IR & GR,2019-07-19,56,2,25,5
CS_45,IR & GR,2019-07-19,56,2.5,25,5
CS_45,IR & GR,2019-07-19,56,0.5,30,5
CS_45,IR & GR,2019-07-19,56,1,30,5
CS_45,IR & GR,2019-07-19,56,1.5,30,5
CS_45,IR & GR,2019-07-19,56,2,30,5
CS_45,IR & GR,2019-07-19,56,2.5,30,5
CS_46,IR & GR,2019-07-25,251,0.5,5,1
CS_46,IR & GR,2019-07-25,251,1,5,1
CS_46,IR & GR,2019-07-25,251,1.5,5,1
CS_46,IR & GR,2019-07-25,251,2,5,1
CS_46,IR & GR,2019-07-25,251,2.5,5,1
CS_46,IR & GR,2019-07-25,251,0.5,10,1
CS_46,IR & GR,2019-07-25,251,1,10,1
CS_46,IR & GR,2019-07-25,251,1.5,10,1
CS_46,IR & GR,2019-07-25,251,2,10,1
CS_46,IR & GR,2019-07-25,251,2.5,10,2
CS_46,IR & GR,2019-07-25,251,0.5,15,2
CS_46,IR & GR,2019-07-25,251,1,15,1
CS_46,IR & GR,2019-07-25,251,1.5,15,2
CS_46,IR & GR,2019-07-25,251,2,15,3
CS_46,IR & GR,2019-07-25,251,2.5,15,3
CS_46,IR & GR,2019-07-25,251,0.5,20,2
CS_46,IR & GR,2019-07-25,251,1,20,3
CS_46,IR & GR,2019-07-25,251,1.5,20,3
CS_46,IR & GR,2019-07-25,251,2,20,5
CS_46,IR & GR,2019-07-25,251,2.5,20,4
CS_46,IR & GR,2019-07-25,251,0.5,25,4
CS_46,IR & GR,2019-07-25,251,1,25,5
CS_46,IR & GR,2019-07-25,251,1.5,25,5
CS_46,IR & GR,2019-07-25,251,2,25,5
CS_46,IR & GR,2019-07-25,251,2.5,25,5
CS_46,IR & GR,2019-07-25,251,0.5,30,5
CS_46,IR & GR,2019-07-25,251,1,30,5
CS_46,IR & GR,2019-07-25,251,1.5,30,5
CS_46,IR & GR,2019-07-25,251,2,30,5
CS_46,IR & GR,2019-07-25,251,2.5,30,5
CS_47,IR & GR,2019-07-14,200,0.5,5,4
CS_47,IR & GR,2019-07-14,200,1,5,5
CS_47,IR & GR,2019-07-14,200,1.5,5,3
CS_47,IR & GR,2019-07-14,200,2,5,1
CS_47,IR & GR,2019-07-14,200,2.5,5,1
CS_47,IR & GR,2019-07-14,200,0.5,10,5
CS_47,IR & GR,2019-07-14,200,1,10,5
CS_47,IR & GR,2019-07-14,200,1.5,10,4
CS_47,IR & GR,2019-07-14,200,2,10,5
CS_47,IR & GR,2019-07-14,200,2.5,10,4
CS_47,IR & GR,2019-07-14,200,0.5,15,5
CS_47,IR & GR,2019-07-14,200,1,15,5
CS_47,IR & GR,2019-07-14,200,1.5,15,4
CS_47,IR & GR,2019-07-14,200,2,15,5
CS_47,IR & GR,2019-07-14,200,2.5,15,5
CS_47,IR & GR,2019-07-14,200,0.5,20,5
CS_47,IR & GR,2019-07-14,200,1,20,5
CS_47,IR & GR,2019-07-14,200,1.5,20,5
CS_47,IR & GR,2019-07-14,200,2,20,5
CS_47,IR & GR,2019-07-14,200,2.5,20,5
CS_47,IR & GR,2019-07-14,200,0.5,25,5
CS_47,IR & GR,2019-07-14,200,1,25,5
CS_47,IR & GR,2019-07-14,200,1.5,25,5
CS_47,IR & GR,2019-07-14,200,2,25,5
CS_47,IR & GR,2019-07-14,200,2.5,25,5
CS_47,IR & GR,2019-07-14,200,0.5,30,5
CS_47,IR & GR,2019-07-14,200,1,30,5
CS_47,IR & GR,2019-07-14,200,1.5,30,5
CS_47,IR & GR,2019-07-14,200,2,30,5
CS_47,IR & GR,2019-07-14,200,2.5,30,5
CS_48,IR & GR,2019-07-29,26,0.5,5,2
CS_48,IR & GR,2019-07-29,26,1,5,2
CS_48,IR & GR,2019-07-29,26,1.5,5,2
CS_48,IR & GR,2019-07-29,26,2,5,2
CS_48,IR & GR,2019-07-29,26,2.5,5,2
CS_48,IR & GR,2019-07-29,26,0.5,10,5
CS_48,IR & GR,2019-07-29,26,1,10,5
CS_48,IR & GR,2019-07-29,26,1.5,10,5
CS_48,IR & GR,2019-07-29,26,2,10,5
CS_48,IR & GR,2019-07-29,26,2.5,10,5
CS_48,IR & GR,2019-07-29,26,0.5,15,5
CS_48,IR & GR,2019-07-29,26,1,15,5
CS_48,IR & GR,2019-07-29,26,1.5,15,5
CS_48,IR & GR,2019-07-29,26,2,15,5
CS_48,IR & GR,2019-07-29,26,2.5,15,5
CS_48,IR & GR,2019-07-29,26,0.5,20,5
CS_48,IR & GR,2019-07-29,26,1,20,5
CS_48,IR & GR,2019-07-29,26,1.5,20,5
CS_48,IR & GR,2019-07-29,26,2,20,5
CS_48,IR & GR,2019-07-29,26,2.5,20,5
CS_48,IR & GR,2019-07-29,26,0.5,25,5
CS_48,IR & GR,2019-07-29,26,1,25,5
CS_48,IR & GR,2019-07-29,26,1.5,25,5
CS_48,IR & GR,2019-07-29,26,2,25,5
CS_48,IR & GR,2019-07-29,26,2.5,25,5
CS_48,IR & GR,2019-07-29,26,0.5,30,5
CS_48,IR & GR,2019-07-29,26,1,30,5
CS_48,IR & GR,2019-07-29,26,1.5,30,5
CS_48,IR & GR,2019-07-29,26,2,30,5
CS_48,IR & GR,2019-07-29,26,2.5,30,5
CS_49,IR & GR,2019-07-22,338,0.5,5,1
CS_49,IR & GR,2019-07-22,338,1,5,4
CS_49,IR & GR,2019-07-22,338,1.5,5,3
CS_49,IR & GR,2019-07-22,338,2,5,2
CS_49,IR & GR,2019-07-22,338,2.5,5,2
CS_49,IR & GR,2019-07-22,338,0.5,10,5
CS_49,IR & GR,2019-07-22,338,1,10,5
CS_49,IR & GR,2019-07-22,338,1.5,10,5
CS_49,IR & GR,2019-07-22,338,2,10,5
CS_49,IR & GR,2019-07-22,338,2.5,10,4
CS_49,IR & GR,2019-07-22,338,0.5,15,5
CS_49,IR & GR,2019-07-22,338,1,15,5
CS_49,IR & GR,2019-07-22,338,1.5,15,5
CS_49,IR & GR,2019-07-22,338,2,15,5
CS_49,IR & GR,2019-07-22,338,2.5,15,5
CS_50,IR & GR,2019-07-13,106,0.5,5,5
CS_50,IR & GR,2019-07-13,106,1,5,4
CS_50,IR & GR,2019-07-13,106,1.5,5,1
CS_50,IR & GR,2019-07-13,106,2,5,1
CS_50,IR & GR,2019-07-13,106,2.5,5,2
CS_50,IR & GR,2019-07-13,106,0.5,10,5
CS_50,IR & GR,2019-07-13,106,1,10,5
CS_50,IR & GR,2019-07-13,106,1.5,10,3
CS_50,IR & GR,2019-07-13,106,2,10,2
CS_50,IR & GR,2019-07-13,106,2.5,10,2
CS_50,IR & GR,2019-07-13,106,0.5,15,5
CS_50,IR & GR,2019-07-13,106,1,15,5
CS_50,IR & GR,2019-07-13,106,1.5,15,5
CS_50,IR & GR,2019-07-13,106,2,15,5
CS_50,IR & GR,2019-07-13,106,2.5,15,5
CS_50,IR & GR,2019-07-13,106,0.5,20,5
CS_50,IR & GR,2019-07-13,106,1,20,5
CS_50,IR & GR,2019-07-13,106,1.5,20,5
CS_50,IR & GR,2019-07-13,106,2,20,5
CS_50,IR & GR,2019-07-13,106,2.5,20,5
CS_50,IR & GR,2019-07-13,106,0.5,25,5
CS_50,IR & GR,2019-07-13,106,1,25,5
CS_50,IR & GR,2019-07-13,106,1.5,25,5
CS_50,IR & GR,2019-07-13,106,2,25,5
CS_50,IR & GR,2019-07-13,106,2.5,25,5
CS_50,IR & GR,2019-07-13,106,0.5,30,5
CS_50,IR & GR,2019-07-13,106,1,30,5
CS_50,IR & GR,2019-07-13,106,1.5,30,5
CS_50,IR & GR,2019-07-13,106,2,30,5
CS_50,IR & GR,2019-07-13,106,2.5,30,5
CS_51,IR & GR,2019-07-16,118,0.5,5,1
CS_51,IR & GR,2019-07-16,118,1,5,1
CS_51,IR & GR,2019-07-16,118,1.5,5,1
CS_51,IR & GR,2019-07-16,118,2,5,2
CS_51,IR & GR,2019-07-16,118,2.5,5,1
CS_51,IR & GR,2019-07-16,118,0.5,10,2
CS_51,IR & GR,2019-07-16,118,1,10,4
CS_51,IR & GR,2019-07-16,118,1.5,10,3
CS_51,IR & GR,2019-07-16,118,2,10,3
CS_51,IR & GR,2019-07-16,118,2.5,10,3
CS_51,IR & GR,2019-07-16,118,0.5,15,5
CS_51,IR & GR,2019-07-16,118,1,15,5
CS_51,IR & GR,2019-07-16,118,1.5,15,5
CS_51,IR & GR,2019-07-16,118,2,15,5
CS_51,IR & GR,2019-07-16,118,2.5,15,5
CS_51,IR & GR,2019-07-16,118,0.5,20,5
CS_51,IR & GR,2019-07-16,118,1,20,5
CS_51,IR & GR,2019-07-16,118,1.5,20,5
CS_51,IR & GR,2019-07-16,118,2,20,5
CS_51,IR & GR,2019-07-16,118,2.5,20,5
CS_51,IR & GR,2019-07-16,118,0.5,25,5
CS_51,IR & GR,2019-07-16,118,1,25,5
CS_51,IR & GR,2019-07-16,118,1.5,25,5
CS_51,IR & GR,2019-07-16,118,2,25,5
CS_51,IR & GR,2019-07-16,118,2.5,25,5
CS_51,IR & GR,2019-07-16,118,0.5,30,5
CS_51,IR & GR,2019-07-16,118,1,30,5
CS_51,IR & GR,2019-07-16,118,1.5,30,5
CS_51,IR & GR,2019-07-16,118,2,30,5
CS_51,IR & GR,2019-07-16,118,2.5,30,5
CS_52,IR & GR,2019-07-29,231,0.5,5,1
CS_52,IR & GR,2019-07-29,231,1,5,1
CS_52,IR & GR,2019-07-29,231,1.5,5,1
CS_52,IR & GR,2019-07-29,231,2,5,2
CS_52,IR & GR,2019-07-29,231,2.5,5,2
CS_52,IR & GR,2019-07-29,231,0.5,10,1
CS_52,IR & GR,2019-07-29,231,1,10,1
CS_52,IR & GR,2019-07-29,231,1.5,10,1
CS_52,IR & GR,2019-07-29,231,2,10,4
CS_52,IR & GR,2019-07-29,231,2.5,10,4
CS_52,IR & GR,2019-07-29,231,0.5,15,3
CS_52,IR & GR,2019-07-29,231,1,15,3
CS_52,IR & GR,2019-07-29,231,1.5,15,4
CS_52,IR & GR,2019-07-29,231,2,15,4
CS_52,IR & GR,2019-07-29,231,2.5,15,4
CS_52,IR & GR,2019-07-29,231,0.5,20,5
CS_52,IR & GR,2019-07-29,231,1,20,5
CS_52,IR & GR,2019-07-29,231,1.5,20,5
CS_52,IR & GR,2019-07-29,231,2,20,5
CS_52,IR & GR,2019-07-29,231,2.5,20,5
CS_52,IR & GR,2019-07-29,231,0.5,25,5
CS_52,IR & GR,2019-07-29,231,1,25,5
CS_52,IR & GR,2019-07-29,231,1.5,25,5
CS_52,IR & GR,2019-07-29,231,2,25,5
CS_52,IR & GR,2019-07-29,231,2.5,25,5
CS_52,IR & GR,2019-07-29,231,0.5,30,5
CS_52,IR & GR,2019-07-29,231,1,30,5
CS_52,IR & GR,2019-07-29,231,1.5,30,5
CS_52,IR & GR,2019-07-29,231,2,30,5
CS_52,IR & GR,2019-07-29,231,2.5,30,5
CS_53,IR & GR,2019-07-20,233,0.5,5,1
CS_53,IR & GR,2019-07-20,233,1,5,1
CS_53,IR & GR,2019-07-20,233,1.5,5,1
CS_53,IR & GR,2019-07-20,233,2,5,1
CS_53,IR & GR,2019-07-20,233,2.5,5,3
CS_53,IR & GR,2019-07-20,233,0.5,10,5
CS_53,IR & GR,2019-07-20,233,1,10,4
CS_53,IR & GR,2019-07-20,233,1.5,10,4
CS_53,IR & GR,2019-07-20,233,2,10,5
CS_53,IR & GR,2019-07-20,233,2.5,10,4
CS_53,IR & GR,2019-07-20,233,0.5,15,5
CS_53,IR & GR,2019-07-20,233,1,15,5
CS_53,IR & GR,2019-07-20,233,1.5,15,5
CS_53,IR & GR,2019-07-20,233,2,15,5
CS_53,IR & GR,2019-07-20,233,2.5,15,5
CS_53,IR & GR,2019-07-20,233,0.5,20,5
CS_53,IR & GR,2019-07-20,233,1,20,5
CS_53,IR & GR,2019-07-20,233,1.5,20,5
CS_53,IR & GR,2019-07-20,233,2,20,5
CS_53,IR & GR,2019-07-20,233,2.5,20,5
CS_53,IR & GR,2019-07-20,233,0.5,25,5
CS_53,IR & GR,2019-07-20,233,1,25,5
CS_53,IR & GR,2019-07-20,233,1.5,25,5
CS_53,IR & GR,2019-07-20,233,2,25,5
CS_53,IR & GR,2019-07-20,233,2.5,25,5
CS_53,IR & GR,2019-07-20,233,0.5,30,5
CS_53,IR & GR,2019-07-20,233,1,30,5
CS_53,IR & GR,2019-07-20,233,1.5,30,5
CS_53,IR & GR,2019-07-20,233,2,30,5
CS_53,IR & GR,2019-07-20,233,2.5,30,5
CS_54,IR & GR,2019-07-28,17,0.5,5,5
CS_54,IR & GR,2019-07-28,17,1,5,5
CS_54,IR & GR,2019-07-28,17,1.5,5,3
CS_54,IR & GR,2019-07-28,17,2,5,1
CS_54,IR & GR,2019-07-28,17,2.5,5,1
CS_54,IR & GR,2019-07-28,17,0.5,10,5
CS_54,IR & GR,2019-07-28,17,1,10,5
CS_54,IR & GR,2019-07-28,17,1.5,10,5
CS_54,IR & GR,2019-07-28,17,2,10,4
CS_54,IR & GR,2019-07-28,17,2.5,10,4
CS_54,IR & GR,2019-07-28,17,0.5,15,5
CS_54,IR & GR,2019-07-28,17,1,15,5
CS_54,IR & GR,2019-07-28,17,1.5,15,5
CS_54,IR & GR,2019-07-28,17,2,15,5
CS_54,IR & GR,2019-07-28,17,2.5,15,5
CS_54,IR & GR,2019-07-28,17,0.5,20,5
CS_54,IR & GR,2019-07-28,17,1,20,5
CS_54,IR & GR,2019-07-28,17,1.5,20,5
CS_54,IR & GR,2019-07-28,17,2,20,5
CS_54,IR & GR,2019-07-28,17,2.5,20,5
CS_54,IR & GR,2019-07-28,17,0.5,25,5
CS_54,IR & GR,2019-07-28,17,1,25,5
CS_54,IR & GR,2019-07-28,17,1.5,25,5
CS_54,IR & GR,2019-07-28,17,2,25,5
CS_54,IR & GR,2019-07-28,17,2.5,25,5
CS_54,IR & GR,2019-07-28,17,0.5,30,5
CS_54,IR & GR,2019-07-28,17,1,30,5
CS_54,IR & GR,2019-07-28,17,1.5,30,5
CS_54,IR & GR,2019-07-28,17,2,30,5
CS_54,IR & GR,2019-07-28,17,2.5,30,5
CS_55,YW & AM,2019-07-13,80,0.5,5,1
CS_55,YW & AM,2019-07-13,80,1,5,1
CS_55,YW & AM,2019-07-13,80,1.5,5,1
CS_55,YW & AM,2019-07-13,80,2,5,1
CS_55,YW & AM,2019-07-13,80,2.5,5,1
CS_55,YW & AM,2019-07-13,80,0.5,10,1
CS_55,YW & AM,2019-07-13,80,1,10,1
CS_55,YW & AM,2019-07-13,80,1.5,10,1
CS_55,YW & AM,2019-07-13,80,2,10,1
CS_55,YW & AM,2019-07-13,80,2.5,10,1
CS_55,YW & AM,2019-07-13,80,0.5,15,3
CS_55,YW & AM,2019-07-13,80,1,15,4
CS_55,YW & AM,2019-07-13,80,1.5,15,4
CS_55,YW & AM,2019-07-13,80,2,15,3
CS_55,YW & AM,2019-07-13,80,2.5,15,5
CS_55,YW & AM,2019-07-13,80,0.5,20,5
CS_55,YW & AM,2019-07-13,80,1,20,5
CS_55,YW & AM,2019-07-13,80,1.5,20,5
CS_55,YW & AM,2019-07-13,80,2,20,5
CS_55,YW & AM,2019-07-13,80,2.5,20,5
CS_55,YW & AM,2019-07-13,80,0.5,25,5
CS_55,YW & AM,2019-07-13,80,1,25,5
CS_55,YW & AM,2019-07-13,80,1.5,25,5
CS_55,YW & AM,2019-07-13,80,2,25,5
CS_55,YW & AM,2019-07-13,80,2.5,25,5
CS_55,YW & AM,2019-07-13,80,0.5,30,5
CS_55,YW & AM,2019-07-13,80,1,30,5
CS_55,YW & AM,2019-07-13,80,1.5,30,5
CS_55,YW & AM,2019-07-13,80,2,30,5
CS_55,YW & AM,2019-07-13,80,2.5,30,5
CS_56,IR & GR,2019-07-26,228,0.5,5,4
CS_56,IR & GR,2019-07-26,228,1,5,4
CS_56,IR & GR,2019-07-26,228,1.5,5,1
CS_56,IR & GR,2019-07-26,228,2,5,3
CS_56,IR & GR,2019-07-26,228,2.5,5,2
CS_56,IR & GR,2019-07-26,228,0.5,10,2
CS_56,IR & GR,2019-07-26,228,1,10,3
CS_56,IR & GR,2019-07-26,228,1.5,10,4
CS_56,IR & GR,2019-07-26,228,2,10,5
CS_56,IR & GR,2019-07-26,228,2.5,10,5
CS_56,IR & GR,2019-07-26,228,0.5,15,3
CS_56,IR & GR,2019-07-26,228,1,15,5
CS_56,IR & GR,2019-07-26,228,1.5,15,5
CS_56,IR & GR,2019-07-26,228,2,15,5
CS_56,IR & GR,2019-07-26,228,2.5,15,5
CS_56,IR & GR,2019-07-26,228,0.5,20,5
CS_56,IR & GR,2019-07-26,228,1,20,5
CS_56,IR & GR,2019-07-26,228,1.5,20,5
CS_56,IR & GR,2019-07-26,228,2,20,5
CS_56,IR & GR,2019-07-26,228,2.5,20,5
CS_56,IR & GR,2019-07-26,228,0.5,25,5
CS_56,IR & GR,2019-07-26,228,1,25,5
CS_56,IR & GR,2019-07-26,228,1.5,25,5
CS_56,IR & GR,2019-07-26,228,2,25,5
CS_56,IR & GR,2019-07-26,228,2.5,25,5
CS_56,IR & GR,2019-07-26,228,0.5,30,5
CS_56,IR & GR,2019-07-26,228,1,30,5
CS_56,IR & GR,2019-07-26,228,1.5,30,5
CS_56,IR & GR,2019-07-26,228,2,30,5
CS_56,IR & GR,2019-07-26,228,2.5,30,5
CS_57,IR & GR,2019-07-19,191,0.5,5,1
CS_57,IR & GR,2019-07-19,191,1,5,1
CS_57,IR & GR,2019-07-19,191,1.5,5,1
CS_57,IR & GR,2019-07-19,191,2,5,1
CS_57,IR & GR,2019-07-19,191,2.5,5,2
CS_57,IR & GR,2019-07-19,191,0.5,10,3
CS_57,IR & GR,2019-07-19,191,1,10,4
CS_57,IR & GR,2019-07-19,191,1.5,10,3
CS_57,IR & GR,2019-07-19,191,2,10,5
CS_57,IR & GR,2019-07-19,191,2.5,10,5
CS_57,IR & GR,2019-07-19,191,0.5,15,5
CS_57,IR & GR,2019-07-19,191,1,15,5
CS_57,IR & GR,2019-07-19,191,1.5,15,5
CS_57,IR & GR,2019-07-19,191,2,15,5
CS_57,IR & GR,2019-07-19,191,2.5,15,5
CS_57,IR & GR,2019-07-19,191,0.5,20,5
CS_57,IR & GR,2019-07-19,191,1,20,5
CS_57,IR & GR,2019-07-19,191,1.5,20,5
CS_57,IR & GR,2019-07-19,191,2,20,5
CS_57,IR & GR,2019-07-19,191,2.5,20,5
CS_57,IR & GR,2019-07-19,191,0.5,25,5
CS_57,IR & GR,2019-07-19,191,1,25,5
CS_57,IR & GR,2019-07-19,191,1.5,25,5
CS_57,IR & GR,2019-07-19,191,2,25,5
CS_57,IR & GR,2019-07-19,191,2.5,25,5
CS_57,IR & GR,2019-07-19,191,0.5,30,5
CS_57,IR & GR,2019-07-19,191,1,30,5
CS_57,IR & GR,2019-07-19,191,1.5,30,5
CS_57,IR & GR,2019-07-19,191,2,30,5
CS_57,IR & GR,2019-07-19,191,2.5,30,5
CS_58,IR & GR,2019-07-28,53,0.5,5,4
CS_58,IR & GR,2019-07-28,53,1,5,4
CS_58,IR & GR,2019-07-28,53,1.5,5,5
CS_58,IR & GR,2019-07-28,53,2,5,5
CS_58,IR & GR,2019-07-28,53,2.5,5,4
CS_58,IR & GR,2019-07-28,53,0.5,10,5
CS_58,IR & GR,2019-07-28,53,1,10,5
CS_58,IR & GR,2019-07-28,53,1.5,10,5
CS_58,IR & GR,2019-07-28,53,2,10,5
CS_58,IR & GR,2019-07-28,53,2.5,10,5
CS_58,IR & GR,2019-07-28,53,0.5,15,5
CS_58,IR & GR,2019-07-28,53,1,15,5
CS_58,IR & GR,2019-07-28,53,1.5,15,5
CS_58,IR & GR,2019-07-28,53,2,15,5
CS_58,IR & GR,2019-07-28,53,2.5,15,5
CS_58,IR & GR,2019-07-28,53,0.5,20,5
CS_58,IR & GR,2019-07-28,53,1,20,5
CS_58,IR & GR,2019-07-28,53,1.5,20,5
CS_58,IR & GR,2019-07-28,53,2,20,5
CS_58,IR & GR,2019-07-28,53,2.5,20,5
CS_58,IR & GR,2019-07-28,53,0.5,25,5
CS_58,IR & GR,2019-07-28,53,1,25,5
CS_58,IR & GR,2019-07-28,53,1.5,25,5
CS_58,IR & GR,2019-07-28,53,2,25,5
CS_58,IR & GR,2019-07-28,53,2.5,25,5
CS_58,IR & GR,2019-07-28,53,0.5,30,5
CS_58,IR & GR,2019-07-28,53,1,30,5
CS_58,IR & GR,2019-07-28,53,1.5,30,5
CS_58,IR & GR,2019-07-28,53,2,30,5
CS_58,IR & GR,2019-07-28,53,2.5,30,5
CS_59,IR & GR,2019-07-15,64,0.5,5,3
CS_59,IR & GR,2019-07-15,64,1,5,1
CS_59,IR & GR,2019-07-15,64,1.5,5,2
CS_59,IR & GR,2019-07-15,64,2,5,2
CS_59,IR & GR,2019-07-15,64,2.5,5,1
CS_59,IR & GR,2019-07-15,64,0.5,10,5
CS_59,IR & GR,2019-07-15,64,1,10,5
CS_59,IR & GR,2019-07-15,64,1.5,10,5
CS_59,IR & GR,2019-07-15,64,2,10,5
CS_59,IR & GR,2019-07-15,64,2.5,10,1
CS_59,IR & GR,2019-07-15,64,0.5,15,5
CS_59,IR & GR,2019-07-15,64,1,15,5
CS_59,IR & GR,2019-07-15,64,1.5,15,5
CS_59,IR & GR,2019-07-15,64,2,15,5
CS_59,IR & GR,2019-07-15,64,2.5,15,2
CS_59,IR & GR,2019-07-15,64,0.5,20,5
CS_59,IR & GR,2019-07-15,64,1,20,5
CS_59,IR & GR,2019-07-15,64,1.5,20,5
CS_59,IR & GR,2019-07-15,64,2,20,5
CS_59,IR & GR,2019-07-15,64,2.5,20,5
CS_59,IR & GR,2019-07-15,64,0.5,25,5
CS_59,IR & GR,2019-07-15,64,1,25,5
CS_59,IR & GR,2019-07-15,64,1.5,25,5
CS_59,IR & GR,2019-07-15,64,2,25,5
CS_59,IR & GR,2019-07-15,64,2.5,25,5
CS_59,IR & GR,2019-07-15,64,0.5,30,5
CS_59,IR & GR,2019-07-15,64,1,30,5
CS_59,IR & GR,2019-07-15,64,1.5,30,5
CS_59,IR & GR,2019-07-15,64,2,30,5
CS_59,IR & GR,2019-07-15,64,2.5,30,5
CS_60,YW & AM,2019-07-14,70,0.5,5,5
CS_60,YW & AM,2019-07-14,70,1,5,4
CS_60,YW & AM,2019-07-14,70,1.5,5,1
CS_60,YW & AM,2019-07-14,70,2,5,1
CS_60,YW & AM,2019-07-14,70,2.5,5,1
CS_60,YW & AM,2019-07-14,70,0.5,10,5
CS_60,YW & AM,2019-07-14,70,1,10,1
CS_60,YW & AM,2019-07-14,70,1.5,10,1
CS_60,YW & AM,2019-07-14,70,2,10,1
CS_60,YW & AM,2019-07-14,70,2.5,10,3
CS_60,YW & AM,2019-07-14,70,0.5,15,5
CS_60,YW & AM,2019-07-14,70,1,15,5
CS_60,YW & AM,2019-07-14,70,1.5,15,1
CS_60,YW & AM,2019-07-14,70,2,15,1
CS_60,YW & AM,2019-07-14,70,2.5,15,5
CS_60,YW & AM,2019-07-14,70,0.5,20,5
CS_60,YW & AM,2019-07-14,70,1,20,5
CS_60,YW & AM,2019-07-14,70,1.5,20,1
CS_60,YW & AM,2019-07-14,70,2,20,1
CS_60,YW & AM,2019-07-14,70,2.5,20,1
CS_60,YW & AM,2019-07-14,70,0.5,25,5
CS_60,YW & AM,2019-07-14,70,1,25,5
CS_60,YW & AM,2019-07-14,70,1.5,25,5
CS_60,YW & AM,2019-07-14,70,2,25,5
CS_60,YW & AM,2019-07-14,70,2.5,25,5
CS_60,YW & AM,2019-07-14,70,0.5,30,5
CS_60,YW & AM,2019-07-14,70,1,30,5
CS_60,YW & AM,2019-07-14,70,1.5,30,5
CS_60,YW & AM,2019-07-14,70,2,30,5
CS_60,YW & AM,2019-07-14,70,2.5,30,5
CS_61,IR & GR,2019-07-27,312,0.5,5,5
CS_61,IR & GR,2019-07-27,312,1,5,5
CS_61,IR & GR,2019-07-27,312,1.5,5,2
CS_61,IR & GR,2019-07-27,312,2,5,4
CS_61,IR & GR,2019-07-27,312,2.5,5,2
CS_61,IR & GR,2019-07-27,312,0.5,10,3
CS_61,IR & GR,2019-07-27,312,1,10,4
CS_61,IR & GR,2019-07-27,312,1.5,10,3
CS_61,IR & GR,2019-07-27,312,2,10,5
CS_61,IR & GR,2019-07-27,312,2.5,10,4
CS_61,IR & GR,2019-07-27,312,0.5,15,5
CS_61,IR & GR,2019-07-27,312,1,15,5
CS_61,IR & GR,2019-07-27,312,1.5,15,4
CS_61,IR & GR,2019-07-27,312,2,15,5
CS_61,IR & GR,2019-07-27,312,2.5,15,5
CS_61,IR & GR,2019-07-27,312,0.5,20,5
CS_61,IR & GR,2019-07-27,312,1,20,5
CS_61,IR & GR,2019-07-27,312,1.5,20,5
CS_61,IR & GR,2019-07-27,312,2,20,5
CS_61,IR & GR,2019-07-27,312,2.5,20,5
CS_61,IR & GR,2019-07-27,312,0.5,25,5
CS_61,IR & GR,2019-07-27,312,1,25,5
CS_61,IR & GR,2019-07-27,312,1.5,25,5
CS_61,IR & GR,2019-07-27,312,2,25,5
CS_61,IR & GR,2019-07-27,312,2.5,25,5
CS_61,IR & GR,2019-07-27,312,0.5,30,5
CS_61,IR & GR,2019-07-27,312,1,30,5
CS_61,IR & GR,2019-07-27,312,1.5,30,5
CS_61,IR & GR,2019-07-27,312,2,30,5
CS_61,IR & GR,2019-07-27,312,2.5,30,5
CS_62,IR & GR,2019-07-21,31,0.5,5,5
CS_62,IR & GR,2019-07-21,31,1,5,5
CS_62,IR & GR,2019-07-21,31,1.5,5,4
CS_62,IR & GR,2019-07-21,31,2,5,4
CS_62,IR & GR,2019-07-21,31,2.5,5,5
CS_62,IR & GR,2019-07-21,31,0.5,10,5
CS_62,IR & GR,2019-07-21,31,1,10,5
CS_62,IR & GR,2019-07-21,31,1.5,10,5
CS_62,IR & GR,2019-07-21,31,2,10,5
CS_62,IR & GR,2019-07-21,31,2.5,10,5
CS_62,IR & GR,2019-07-21,31,0.5,15,5
CS_62,IR & GR,2019-07-21,31,1,15,5
CS_62,IR & GR,2019-07-21,31,1.5,15,5
CS_62,IR & GR,2019-07-21,31,2,15,5
CS_62,IR & GR,2019-07-21,31,2.5,15,5
CS_62,IR & GR,2019-07-21,31,0.5,20,5
CS_62,IR & GR,2019-07-21,31,1,20,5
CS_62,IR & GR,2019-07-21,31,1.5,20,5
CS_62,IR & GR,2019-07-21,31,2,20,5
CS_62,IR & GR,2019-07-21,31,2.5,20,5
CS_62,IR & GR,2019-07-21,31,0.5,25,5
CS_62,IR & GR,2019-07-21,31,1,25,5
CS_62,IR & GR,2019-07-21,31,1.5,25,5
CS_62,IR & GR,2019-07-21,31,2,25,5
CS_62,IR & GR,2019-07-21,31,2.5,25,5
CS_62,IR & GR,2019-07-21,31,0.5,30,5
CS_62,IR & GR,2019-07-21,31,1,30,5
CS_62,IR & GR,2019-07-21,31,1.5,30,5
CS_62,IR & GR,2019-07-21,31,2,30,5
CS_62,IR & GR,2019-07-21,31,2.5,30,5
CS_63,IR & GR,2019-07-29,167,0.5,5,5
CS_63,IR & GR,2019-07-29,167,1,5,5
CS_63,IR & GR,2019-07-29,167,1.5,5,4
CS_63,IR & GR,2019-07-29,167,2,5,4
CS_63,IR & GR,2019-07-29,167,2.5,5,4
CS_63,IR & GR,2019-07-29,167,0.5,10,5
CS_63,IR & GR,2019-07-29,167,1,10,5
CS_63,IR & GR,2019-07-29,167,1.5,10,5
CS_63,IR & GR,2019-07-29,167,2,10,5
CS_63,IR & GR,2019-07-29,167,2.5,10,5
CS_63,IR & GR,2019-07-29,167,0.5,15,5
CS_63,IR & GR,2019-07-29,167,1,15,5
CS_63,IR & GR,2019-07-29,167,1.5,15,5
CS_63,IR & GR,2019-07-29,167,2,15,5
CS_63,IR & GR,2019-07-29,167,2.5,15,5
CS_63,IR & GR,2019-07-29,167,0.5,20,5
CS_63,IR & GR,2019-07-29,167,1,20,5
CS_63,IR & GR,2019-07-29,167,1.5,20,5
CS_63,IR & GR,2019-07-29,167,2,20,5
CS_63,IR & GR,2019-07-29,167,2.5,20,5
CS_63,IR & GR,2019-07-29,167,0.5,25,5
CS_63,IR & GR,2019-07-29,167,1,25,5
CS_63,IR & GR,2019-07-29,167,1.5,25,5
CS_63,IR & GR,2019-07-29,167,2,25,5
CS_63,IR & GR,2019-07-29,167,2.5,25,5
CS_63,IR & GR,2019-07-29,167,0.5,30,5
CS_63,IR & GR,2019-07-29,167,1,30,5
CS_63,IR & GR,2019-07-29,167,1.5,30,5
CS_63,IR & GR,2019-07-29,167,2,30,5
CS_63,IR & GR,2019-07-29,167,2.5,30,5
CS_64,YW & AM,2019-07-13,140,0.5,5,5
CS_64,YW & AM,2019-07-13,140,1,5,1
CS_64,YW & AM,2019-07-13,140,1.5,5,1
CS_64,YW & AM,2019-07-13,140,2,5,3
CS_64,YW & AM,2019-07-13,140,2.5,5,1
CS_64,YW & AM,2019-07-13,140,0.5,10,2
CS_64,YW & AM,2019-07-13,140,1,10,1
CS_64,YW & AM,2019-07-13,140,1.5,10,1
CS_64,YW & AM,2019-07-13,140,2,10,1
CS_64,YW & AM,2019-07-13,140,2.5,10,3
CS_64,YW & AM,2019-07-13,140,0.5,15,3
CS_64,YW & AM,2019-07-13,140,1,15,2
CS_64,YW & AM,2019-07-13,140,1.5,15,1
CS_64,YW & AM,2019-07-13,140,2,15,3
CS_64,YW & AM,2019-07-13,140,2.5,15,5
CS_64,YW & AM,2019-07-13,140,0.5,20,5
CS_64,YW & AM,2019-07-13,140,1,20,5
CS_64,YW & AM,2019-07-13,140,1.5,20,5
CS_64,YW & AM,2019-07-13,140,2,20,5
CS_64,YW & AM,2019-07-13,140,2.5,20,5
CS_64,YW & AM,2019-07-13,140,0.5,25,5
CS_64,YW & AM,2019-07-13,140,1,25,5
CS_64,YW & AM,2019-07-13,140,1.5,25,5
CS_64,YW & AM,2019-07-13,140,2,25,5
CS_64,YW & AM,2019-07-13,140,2.5,25,5
CS_64,YW & AM,2019-07-13,140,0.5,30,5
CS_64,YW & AM,2019-07-13,140,1,30,5
CS_64,YW & AM,2019-07-13,140,1.5,30,5
CS_64,YW & AM,2019-07-13,140,2,30,5
CS_64,YW & AM,2019-07-13,140,2.5,30,5
CS_65,IR & GR,2019-07-24,171,0.5,5,1
CS_65,IR & GR,2019-07-24,171,1,5,1
CS_65,IR & GR,2019-07-24,171,1.5,5,1
CS_65,IR & GR,2019-07-24,171,2,5,1
CS_65,IR & GR,2019-07-24,171,2.5,5,1
CS_65,IR & GR,2019-07-24,171,0.5,10,5
CS_65,IR & GR,2019-07-24,171,1,10,5
CS_65,IR & GR,2019-07-24,171,1.5,10,4
CS_65,IR & GR,2019-07-24,171,2,10,4
CS_65,IR & GR,2019-07-24,171,2.5,10,3
CS_65,IR & GR,2019-07-24,171,0.5,15,5
CS_65,IR & GR,2019-07-24,171,1,15,5
CS_65,IR & GR,2019-07-24,171,1.5,15,5
CS_65,IR & GR,2019-07-24,171,2,15,5
CS_65,IR & GR,2019-07-24,171,2.5,15,5
CS_65,IR & GR,2019-07-24,171,0.5,20,5
CS_65,IR & GR,2019-07-24,171,1,20,5
CS_65,IR & GR,2019-07-24,171,1.5,20,5
CS_65,IR & GR,2019-07-24,171,2,20,5
CS_65,IR & GR,2019-07-24,171,2.5,20,5
CS_65,IR & GR,2019-07-24,171,0.5,25,5
CS_65,IR & GR,2019-07-24,171,1,25,5
CS_65,IR & GR,2019-07-24,171,1.5,25,5
CS_65,IR & GR,2019-07-24,171,2,25,5
CS_65,IR & GR,2019-07-24,171,2.5,25,5
CS_65,IR & GR,2019-07-24,171,0.5,30,5
CS_65,IR & GR,2019-07-24,171,1,30,5
CS_65,IR & GR,2019-07-24,171,1.5,30,5
CS_65,IR & GR,2019-07-24,171,2,30,5
CS_65,IR & GR,2019-07-24,171,2.5,30,5
CS_66,IR & GR,2019-07-27,183,0.5,5,2
CS_66,IR & GR,2019-07-27,183,1,5,2
CS_66,IR & GR,2019-07-27,183,1.5,5,2
CS_66,IR & GR,2019-07-27,183,2,5,3
CS_66,IR & GR,2019-07-27,183,2.5,5,3
CS_66,IR & GR,2019-07-27,183,0.5,10,5
CS_66,IR & GR,2019-07-27,183,1,10,5
CS_66,IR & GR,2019-07-27,183,1.5,10,4
CS_66,IR & GR,2019-07-27,183,2,10,5
CS_66,IR & GR,2019-07-27,183,2.5,10,5
CS_66,IR & GR,2019-07-27,183,0.5,15,5
CS_66,IR & GR,2019-07-27,183,1,15,5
CS_66,IR & GR,2019-07-27,183,1.5,15,5
CS_66,IR & GR,2019-07-27,183,2,15,5
CS_66,IR & GR,2019-07-27,183,2.5,15,5
CS_66,IR & GR,2019-07-27,183,0.5,20,5
CS_66,IR & GR,2019-07-27,183,1,20,5
CS_66,IR & GR,2019-07-27,183,1.5,20,5
CS_66,IR & GR,2019-07-27,183,2,20,5
CS_66,IR & GR,2019-07-27,183,2.5,20,5
CS_66,IR & GR,2019-07-27,183,0.5,25,5
CS_66,IR & GR,2019-07-27,183,1,25,5
CS_66,IR & GR,2019-07-27,183,1.5,25,5
CS_66,IR & GR,2019-07-27,183,2,25,5
CS_66,IR & GR,2019-07-27,183,2.5,25,5
CS_66,IR & GR,2019-07-27,183,0.5,30,5
CS_66,IR & GR,2019-07-27,183,1,30,5
CS_66,IR & GR,2019-07-27,183,1.5,30,5
CS_66,IR & GR,2019-07-27,183,2,30,5
CS_66,IR & GR,2019-07-27,183,2.5,30,5
CS_67,IR & GR,2019-07-17,315,0.5,5,1
CS_67,IR & GR,2019-07-17,315,1,5,1
CS_67,IR & GR,2019-07-17,315,1.5,5,1
CS_67,IR & GR,2019-07-17,315,2,5,1
CS_67,IR & GR,2019-07-17,315,2.5,5,1
CS_67,IR & GR,2019-07-17,315,0.5,10,3
CS_67,IR & GR,2019-07-17,315,1,10,3
CS_67,IR & GR,2019-07-17,315,1.5,10,4
CS_67,IR & GR,2019-07-17,315,2,10,4
CS_67,IR & GR,2019-07-17,315,2.5,10,3
CS_67,IR & GR,2019-07-17,315,0.5,15,5
CS_67,IR & GR,2019-07-17,315,1,15,5
CS_67,IR & GR,2019-07-17,315,1.5,15,5
CS_67,IR & GR,2019-07-17,315,2,15,5
CS_67,IR & GR,2019-07-17,315,2.5,15,5
CS_67,IR & GR,2019-07-17,315,0.5,20,5
CS_67,IR & GR,2019-07-17,315,1,20,5
CS_67,IR & GR,2019-07-17,315,1.5,20,5
CS_67,IR & GR,2019-07-17,315,2,20,5
CS_67,IR & GR,2019-07-17,315,2.5,20,5
CS_67,IR & GR,2019-07-17,315,0.5,25,5
CS_67,IR & GR,2019-07-17,315,1,25,5
CS_67,IR & GR,2019-07-17,315,1.5,25,5
CS_67,IR & GR,2019-07-17,315,2,25,5
CS_67,IR & GR,2019-07-17,315,2.5,25,5
CS_67,IR & GR,2019-07-17,315,0.5,30,5
CS_67,IR & GR,2019-07-17,315,1,30,5
CS_67,IR & GR,2019-07-17,315,1.5,30,5
CS_67,IR & GR,2019-07-17,315,2,30,5
CS_67,IR & GR,2019-07-17,315,2.5,30,5
CS_68,IR & GR,2019-07-25,328,0.5,5,2
CS_68,IR & GR,2019-07-25,328,1,5,1
CS_68,IR & GR,2019-07-25,328,1.5,5,1
CS_68,IR & GR,2019-07-25,328,2,5,1
CS_68,IR & GR,2019-07-25,328,2.5,5,1
CS_68,IR & GR,2019-07-25,328,0.5,10,1
CS_68,IR & GR,2019-07-25,328,1,10,2
CS_68,IR & GR,2019-07-25,328,1.5,10,3
CS_68,IR & GR,2019-07-25,328,2,10,4
CS_68,IR & GR,2019-07-25,328,2.5,10,3
CS_68,IR & GR,2019-07-25,328,0.5,15,2
CS_68,IR & GR,2019-07-17,328,1,15,3
CS_68,IR & GR,2019-07-25,328,1.5,15,3
CS_68,IR & GR,2019-07-25,328,2,15,5
CS_68,IR & GR,2019-07-25,328,2.5,15,4
CS_68,IR & GR,2019-07-25,328,0.5,20,5
CS_68,IR & GR,2019-07-25,328,1,20,5
CS_68,IR & GR,2019-07-25,328,1.5,20,5
CS_68,IR & GR,2019-07-25,328,2,20,5
CS_68,IR & GR,2019-07-25,328,2.5,20,5
CS_68,IR & GR,2019-07-25,328,0.5,25,5
CS_68,IR & GR,2019-07-25,328,1,25,5
CS_68,IR & GR,2019-07-25,328,1.5,25,5
CS_68,IR & GR,2019-07-25,328,2,25,5
CS_68,IR & GR,2019-07-25,328,2.5,25,5
CS_68,IR & GR,2019-07-25,328,0.5,30,5
CS_68,IR & GR,2019-07-25,328,1,30,5
CS_68,IR & GR,2019-07-25,328,1.5,30,5
CS_68,IR & GR,2019-07-25,328,2,30,5
CS_68,IR & GR,2019-07-25,328,2.5,30,5
CS_69,IR & GR,2019-07-15,54,0.5,5,1
CS_69,IR & GR,2019-07-15,54,1,5,1
CS_69,IR & GR,2019-07-15,54,1.5,5,2
CS_69,IR & GR,2019-07-15,54,2,5,2
CS_69,IR & GR,2019-07-15,54,2.5,5,2
CS_69,IR & GR,2019-07-15,54,0.5,10,5
CS_69,IR & GR,2019-07-15,54,1,10,5
CS_69,IR & GR,2019-07-15,54,1.5,10,5
CS_69,IR & GR,2019-07-15,54,2,10,5
CS_69,IR & GR,2019-07-15,54,2.5,10,5
CS_69,IR & GR,2019-07-15,54,0.5,15,5
CS_69,IR & GR,2019-07-15,54,1,15,5
CS_69,IR & GR,2019-07-15,54,1.5,15,5
CS_69,IR & GR,2019-07-15,54,2,15,5
CS_69,IR & GR,2019-07-15,54,2.5,15,5
CS_69,IR & GR,2019-07-15,54,0.5,20,5
CS_69,IR & GR,2019-07-15,54,1,20,5
CS_69,IR & GR,2019-07-15,54,1.5,20,5
CS_69,IR & GR,2019-07-15,54,2,20,5
CS_69,IR & GR,2019-07-15,54,2.5,20,5
CS_69,IR & GR,2019-07-15,54,0.5,25,5
CS_69,IR & GR,2019-07-15,54,1,25,5
CS_69,IR & GR,2019-07-15,54,1.5,25,5
CS_69,IR & GR,2019-07-15,54,2,25,5
CS_69,IR & GR,2019-07-15,54,2.5,25,5
CS_69,IR & GR,2019-07-15,54,0.5,30,5
CS_69,IR & GR,2019-07-15,54,1,30,5
CS_69,IR & GR,2019-07-15,54,1.5,30,5
CS_69,IR & GR,2019-07-15,54,2,30,5
CS_69,IR & GR,2019-07-15,54,2.5,30,5
CS_70,IR & GR,2019-07-18,132,0.5,5,1
CS_70,IR & GR,2019-07-18,132,1,5,1
CS_70,IR & GR,2019-07-18,132,1.5,5,2
CS_70,IR & GR,2019-07-18,132,2,5,2
CS_70,IR & GR,2019-07-18,132,2.5,5,2
CS_70,IR & GR,2019-07-18,132,0.5,10,5
CS_70,IR & GR,2019-07-18,132,1,10,5
CS_70,IR & GR,2019-07-18,132,1.5,10,5
CS_70,IR & GR,2019-07-18,132,2,10,5
CS_70,IR & GR,2019-07-18,132,2.5,10,5
CS_70,IR & GR,2019-07-18,132,0.5,15,5
CS_70,IR & GR,2019-07-18,132,1,15,5
CS_70,IR & GR,2019-07-18,132,1.5,15,5
CS_70,IR & GR,2019-07-18,132,2,15,5
CS_70,IR & GR,2019-07-18,132,2.5,15,5
CS_70,IR & GR,2019-07-18,132,0.5,20,5
CS_70,IR & GR,2019-07-18,132,1,20,5
CS_70,IR & GR,2019-07-18,132,1.5,20,5
CS_70,IR & GR,2019-07-18,132,2,20,5
CS_70,IR & GR,2019-07-18,132,2.5,20,5
CS_70,IR & GR,2019-07-18,132,0.5,25,5
CS_70,IR & GR,2019-07-18,132,1,25,5
CS_70,IR & GR,2019-07-18,132,1.5,25,5
CS_70,IR & GR,2019-07-18,132,2,25,5
CS_70,IR & GR,2019-07-18,132,2.5,25,5
CS_70,IR & GR,2019-07-18,132,0.5,30,5
CS_70,IR & GR,2019-07-18,132,1,30,5
CS_70,IR & GR,2019-07-18,132,1.5,30,5
CS_70,IR & GR,2019-07-18,132,2,30,5
CS_70,IR & GR,2019-07-18,132,2.5,30,5
CS_71,IR & GR,2019-07-18,132,0.5,5,4
CS_71,IR & GR,2019-07-18,132,1,5,3
CS_71,IR & GR,2019-07-18,132,1.5,5,1
CS_71,IR & GR,2019-07-18,132,2,5,1
CS_71,IR & GR,2019-07-18,132,2.5,5,1
CS_71,IR & GR,2019-07-18,132,0.5,10,1
CS_71,IR & GR,2019-07-18,132,1,10,1
CS_71,IR & GR,2019-07-18,132,1.5,10,3
CS_71,IR & GR,2019-07-18,132,2,10,1
CS_71,IR & GR,2019-07-18,132,2.5,10,1
CS_71,IR & GR,2019-07-18,132,0.5,15,1
CS_71,IR & GR,2019-07-18,132,1,15,1
CS_71,IR & GR,2019-07-18,132,1.5,15,4
CS_71,IR & GR,2019-07-18,132,2,15,1
CS_71,IR & GR,2019-07-18,132,2.5,15,1
CS_71,IR & GR,2019-07-18,132,0.5,20,5
CS_71,IR & GR,2019-07-18,132,1,20,5
CS_71,IR & GR,2019-07-18,132,1.5,20,1
CS_71,IR & GR,2019-07-18,132,2,20,2
CS_71,IR & GR,2019-07-18,132,2.5,20,1
CS_71,IR & GR,2019-07-18,132,0.5,25,5
CS_71,IR & GR,2019-07-18,132,1,25,5
CS_71,IR & GR,2019-07-18,132,1.5,25,4
CS_71,IR & GR,2019-07-18,132,2,25,5
CS_71,IR & GR,2019-07-18,132,2.5,25,1
CS_71,IR & GR,2019-07-18,132,0.5,30,5
CS_71,IR & GR,2019-07-18,132,1,30,5
CS_71,IR & GR,2019-07-18,132,1.5,30,5
CS_71,IR & GR,2019-07-18,132,2,30,2
CS_71,IR & GR,2019-07-18,132,2.5,30,2
CS_72,YW & AM,2019-07-14,330,0.5,5,1
CS_72,YW & AM,2019-07-14,330,1,5,1
CS_72,YW & AM,2019-07-14,330,1.5,5,1
CS_72,YW & AM,2019-07-14,330,2,5,1
CS_72,YW & AM,2019-07-14,330,2.5,5,1
CS_72,YW & AM,2019-07-14,330,0.5,10,5
CS_72,YW & AM,2019-07-14,330,1,10,5
CS_72,YW & AM,2019-07-14,330,1.5,10,1
CS_72,YW & AM,2019-07-14,330,2,10,1
CS_72,YW & AM,2019-07-14,330,2.5,10,1
CS_72,YW & AM,2019-07-14,330,0.5,15,5
CS_72,YW & AM,2019-07-14,330,1,15,5
CS_72,YW & AM,2019-07-14,330,1.5,15,5
CS_72,YW & AM,2019-07-14,330,2,15,1
CS_72,YW & AM,2019-07-14,330,2.5,15,1
CS_72,YW & AM,2019-07-14,330,0.5,20,5
CS_72,YW & AM,2019-07-14,330,1,20,5
CS_72,YW & AM,2019-07-14,330,1.5,20,5
CS_72,YW & AM,2019-07-14,330,2,20,5
CS_72,YW & AM,2019-07-14,330,2.5,20,5
CS_72,YW & AM,2019-07-14,330,0.5,25,2
CS_72,YW & AM,2019-07-14,330,1,25,5
CS_72,YW & AM,2019-07-14,330,1.5,25,5
CS_72,YW & AM,2019-07-14,330,2,25,5
CS_72,YW & AM,2019-07-14,330,2.5,25,5
CS_72,YW & AM,2019-07-14,330,0.5,30,5
CS_72,YW & AM,2019-07-14,330,1,30,5
CS_72,YW & AM,2019-07-14,330,1.5,30,5
CS_72,YW & AM,2019-07-14,330,2,30,5
CS_72,YW & AM,2019-07-14,330,2.5,30,5
,,,,,,
,,,,,,
